session_id,subject_id,batch,eeg_source,phrase,true_text,n_chars,n_flashes,n_epochs_exported,n_epochs_rejected,n_targets_exported,n_nontargets_exported,median_scale_uv,n_bad_ch,bad_channels,lag_s,peak_cos,reliable,output_file
batch1/session_005,,batch1,EmotivPRO_manual_export,GOOD_FOCUS,GOOD_FOCUS,10,1800,1777,23,293,1484,6.5311070799866595,0,,0.03125,,,batch1_session_005.npz
batch1/session_006,,batch1,EmotivPRO_manual_export,LOVELY_DAY,LOVELY_DAY,10,1800,1768,32,294,1474,5.980646171954254,0,,-0.5625,,,batch1_session_006.npz
batch1/session_007,,batch1,EmotivPRO_manual_export,NEED_WATER,NEED_WATER,10,1800,1779,21,296,1483,5.9027437656541455,0,,0.046875,,,batch1_session_007.npz
batch1/session_008,,batch1,EmotivPRO_manual_export,OPEN_WINDOW,OPEN_WINDOW,11,1980,1948,32,324,1624,6.534103560761905,0,,0.21875,,,batch1_session_008.npz
batch1/session_009,,batch1,EmotivPRO_manual_export,WATER,WATER,5,900,893,7,150,743,6.073781756612,0,,-0.5,,,batch1_session_009.npz
batch1/session_010,,batch1,EmotivPRO_manual_export,CLOTH,CLOTH,5,900,878,22,146,732,5.786310645882516,0,,-0.703125,,,batch1_session_010.npz
batch1/session_011,,batch1,EmotivPRO_manual_export,STAND,STAND,5,900,875,25,147,728,5.6929302421734675,0,,-0.5625,,,batch1_session_011.npz
batch1/session_012,,batch1,EmotivPRO_manual_export,SLEPT,SLEPT,5,900,886,14,150,736,6.234432075841367,0,,-0.046875,,,batch1_session_012.npz
batch1/session_013,,batch1,EmotivPRO_manual_export,HUNGRY,HUNGRY,6,1080,1061,19,176,885,5.641765596855938,0,,-0.453125,,,batch1_session_013.npz
batch1/session_014,,batch1,EmotivPRO_manual_export,HAPPY,HAPPY,5,900,895,5,150,745,5.75651742911994,0,,-0.5,,,batch1_session_014.npz
batch1/session_015,,batch1,EmotivPRO_manual_export,PEACH,PEACH,5,900,862,38,143,719,5.778820834730214,0,,-0.03125,,,batch1_session_015.npz
batch1/session_016,,batch1,EmotivPRO_manual_export,MUSIC,MUSIC,5,900,877,23,142,735,5.836364321537751,0,,-0.84375,,,batch1_session_016.npz
batch1/session_017,,batch1,EmotivPRO_manual_export,WORSE,WORSE,5,900,889,11,150,739,5.864803741484879,0,,-0.84375,,,batch1_session_017.npz
batch1/session_018,,batch1,EmotivPRO_manual_export,CANDY,CANDY,5,900,894,6,150,744,5.663423087107373,0,,-0.28125,,,batch1_session_018.npz
batch1/session_019,,batch1,EmotivPRO_manual_export,RICE,RICE,4,720,719,1,119,600,6.811801709352588,0,,-0.203125,,,batch1_session_019.npz
batch1/session_020,,batch1,EmotivPRO_manual_export,NICE,NICE,4,720,695,25,117,578,6.226872255348217,0,,-0.75,,,batch1_session_020.npz
batch2/session_001,,batch2,cortex_api,HOUSE,HOUSE,5,900,897,3,150,747,5.923046195341052,0,,0.21875,,,batch2_session_001.npz
batch2/session_002,,batch2,cortex_api,PLANT,PLANT,5,900,894,6,150,744,6.024456734578716,1,FC1,0.234375,,,batch2_session_002.npz
batch2/session_003,,batch2,cortex_api,QUICK,QUICK,5,900,893,7,148,745,6.229058907794738,1,FC1,0.21875,,,batch2_session_003.npz
batch2/session_004,,batch2,cortex_api,ZEBRA,ZEBRA,5,900,891,9,149,742,5.783055030581824,0,,0.21875,,,batch2_session_004.npz
batch2/session_005,,batch2,cortex_api,JUMPY,JUMPY,5,900,889,11,149,740,5.890325231025672,1,FC1,0.21875,,,batch2_session_005.npz
batch2/session_006,,batch2,cortex_api,VIVID,VIVID,5,900,875,25,146,729,7.3852566240444,1,FC1,0.234375,,,batch2_session_006.npz
batch2/session_007,,batch2,cortex_api,WATER,WATER,5,900,899,1,150,749,6.796296275012401,1,FC1,0.234375,,,batch2_session_007.npz
batch2/session_008,,batch2,cortex_api,YOUTH,YOUTH,5,900,894,6,149,745,6.20554659642386,1,FC1,0.265625,,,batch2_session_008.npz
batch2/session_009,,batch2,cortex_api,KNIFE,KNIFE,5,900,895,5,149,746,6.273798061424937,1,FC1,0.25,,,batch2_session_009.npz
batch2/session_010,,batch2,cortex_api,BRAVE,BRAVE,5,900,882,18,147,735,6.842083869629205,1,FC1,0.234375,,,batch2_session_010.npz
