session,batch,order,lag_samples,lag_s,peak_cos,peak_z,reliable,lag_half_samples,lag_half_s,peak_cos_half,peak_z_half,reliable_half,lag_used,lag_half_used
batch1/session_005,batch1,5,8,0.03125,0.8664102237660211,4.0014394728181015,True,8,0.03125,0.8281464478168686,5.84083768451698,True,8,8
batch1/session_006,batch1,6,-144,-0.5625,0.9076194802181086,2.809140720620297,True,-144,-0.5625,0.8817764301755027,3.8567017666886594,True,-144,-144
batch1/session_007,batch1,7,12,0.046875,0.9032496762337467,3.3082808322341424,True,8,0.03125,0.8687882568374725,4.547819842498171,True,12,8
batch1/session_008,batch1,8,56,0.21875,0.9235201756276112,4.365254539704271,True,52,0.203125,0.883856102600204,4.2058028153991085,True,56,52
batch1/session_009,batch1,9,-128,-0.5,0.8234510375730671,4.062846578037135,True,-132,-0.515625,0.7538377351537817,5.148125221493726,True,-128,-132
batch1/session_010,batch1,10,-180,-0.703125,0.8945274111930835,3.2050457193983224,True,-180,-0.703125,0.8489081282029101,3.0659021698962325,True,-180,-180
batch1/session_011,batch1,11,-144,-0.5625,0.8595817628976204,4.004012052509317,True,-148,-0.578125,0.7966662003038724,3.3010996530302945,True,-144,-148
batch1/session_012,batch1,12,-12,-0.046875,0.8603265704010357,3.1085373796303313,True,-12,-0.046875,0.8492454680113092,2.970552276802501,True,-12,-12
batch1/session_013,batch1,13,-116,-0.453125,0.8993514149491166,4.658388367588843,True,-116,-0.453125,0.8064192862271979,4.468096593031204,True,-116,-116
batch1/session_014,batch1,14,-128,-0.5,0.9034101741362418,3.820429017522162,True,-128,-0.5,0.8809404508409862,4.208279295552989,True,-128,-128
batch1/session_015,batch1,15,-8,-0.03125,0.8226392379182441,4.623888614096589,True,-12,-0.046875,0.7464882562577602,3.487772220706416,False,-8,-122
batch1/session_016,batch1,16,-216,-0.84375,0.8646363086702692,2.8837135491953054,True,-212,-0.828125,0.7812475641733377,2.817294110158924,True,-216,-212
batch1/session_017,batch1,17,-216,-0.84375,0.9080810726042634,2.9577868778722296,True,-216,-0.84375,0.894277077603317,3.0274197574090196,True,-216,-216
batch1/session_018,batch1,18,-72,-0.28125,0.891825341026875,3.8120196280276746,True,-72,-0.28125,0.8566513051621586,3.8349631230255787,True,-72,-72
batch1/session_019,batch1,19,-52,-0.203125,0.8367330362910453,5.514092450747029,True,-52,-0.203125,0.7776377286201308,4.60459315807056,True,-52,-52
batch1/session_020,batch1,20,-192,-0.75,0.7507465854660623,3.837679634420476,True,-192,-0.75,0.5763723544410612,3.3230684835762982,False,-192,-122
batch2/session_001,batch2,1,56,0.21875,0.830977638895949,4.777684818241971,True,56,0.21875,0.7750512212205528,5.584040473396772,True,56,56
batch2/session_002,batch2,2,60,0.234375,0.8381612506558953,4.518019084000356,True,56,0.21875,0.7942499942371924,3.265789084118295,True,60,56
batch2/session_003,batch2,3,56,0.21875,0.7833100150892343,5.025698113467207,True,56,0.21875,0.6298476617977845,4.393969507578946,False,56,56
batch2/session_004,batch2,4,56,0.21875,0.7920457323276967,3.0252326598532164,True,56,0.21875,0.7586736511047212,4.129350082962921,True,56,56
batch2/session_005,batch2,5,56,0.21875,0.7795457814393011,4.001243378473772,True,56,0.21875,0.7329188072334711,4.483040497020352,False,56,56
batch2/session_006,batch2,6,60,0.234375,0.8396541389375323,2.878594023114512,True,56,0.21875,0.7945742051729463,3.132195818735438,True,60,56
batch2/session_007,batch2,7,60,0.234375,0.7805516916046651,4.49076167185403,True,60,0.234375,0.5872168440016484,4.025244576970161,False,60,56
batch2/session_008,batch2,8,68,0.265625,0.8581787255970986,3.586982886538879,True,68,0.265625,0.8173289017918276,3.3760253400131366,True,68,68
batch2/session_009,batch2,9,64,0.25,0.8459592612858196,3.51138780036988,True,68,0.265625,0.7738018800357273,4.612885943363273,True,64,68
batch2/session_010,batch2,10,68,0.265625,0.5974993346912892,2.547352422952279,False,68,0.265625,0.4479019127796856,1.5093560350777617,False,60,56
