session,batch,order,phrase,true_text,n_phrase_mismatch,n_chars,n_flashes,n_targets,eeg_source,duration_s,fs_eff,ts_jitter_sd_ms,ts_jitter_max_ms,median_scale_uv,n_bad_ch,bad_ch,soa_median_ms,qc_target_consistent,lag_s,reject_rate
batch1/session_005,batch1,5,GOOD_FOCUS,GOOD_FOCUS,0,10,1800,300,EmotivPRO_manual_export,372.99609375,256.0,1.2707965976411148e-11,2.8421709430404007e-11,6.5311070799866595,0,,179.6875,1.0,0.03125,0.012777777777777777
batch1/session_006,batch1,6,LOVELY_DAY,LOVELY_DAY,0,10,1800,300,EmotivPRO_manual_export,374.99609375,256.0,5.7184272816726826e-12,5.6843418860808015e-11,5.980646171954254,0,,179.6875,1.0,-0.5625,0.01777777777777778
batch1/session_007,batch1,7,NEED_WATER,NEED_WATER,0,10,1800,300,EmotivPRO_manual_export,396.99609375,255.9999999999996,1.7872881108810867e-10,6.252776074688882e-10,5.9027437656541455,0,,179.6875,1.0,0.046875,0.011666666666666714
batch1/session_008,batch1,8,OPEN_WINDOW,OPEN_WINDOW,0,11,1980,330,EmotivPRO_manual_export,393.99609375,255.99999999999977,1.0194044844288757e-10,3.410605131648481e-10,6.534103560761905,0,,179.6875,1.0,0.21875,0.016161616161616155
batch1/session_009,batch1,9,WATER,WATER,0,5,900,150,EmotivPRO_manual_export,193.99609375,256.0000000000003,5.1817466771347724e-11,1.7053025658242404e-10,6.073781756612,0,,179.6875,1.0,-0.5,0.007777777777777772
batch1/session_010,batch1,10,CLOTH,CLOTH,0,5,900,150,EmotivPRO_manual_export,188.99609375,256.00000000000006,1.1815535456452232e-11,5.6843418860808015e-11,5.786310645882516,0,,179.6875,1.0,-0.703125,0.02444444444444449
batch1/session_011,batch1,11,STAND,STAND,0,5,900,150,EmotivPRO_manual_export,183.99609375,255.99999999999977,4.753032861449565e-11,1.7053025658242404e-10,5.6929302421734675,0,,179.6875,1.0,-0.5625,0.02777777777777779
batch1/session_012,batch1,12,SLEPT,SLEPT,0,5,900,150,EmotivPRO_manual_export,193.99609375,256.0000000000003,5.1817466771347724e-11,1.7053025658242404e-10,6.234432075841367,0,,179.6875,1.0,-0.046875,0.015555555555555545
batch1/session_013,batch1,13,HUNGRY,HUNGRY,0,6,1080,180,EmotivPRO_manual_export,234.99609375,256.00000000000017,4.4744725973439476e-11,1.9895196601282805e-10,5.641765596855938,0,,179.6875,1.0,-0.453125,0.017592592592592604
batch1/session_014,batch1,14,HAPPY,HAPPY,0,5,900,150,EmotivPRO_manual_export,186.99609375,255.99999999999994,1.0141776548564258e-11,2.8421709430404007e-11,5.75651742911994,0,,179.6875,1.0,-0.5,0.005555555555555536
batch1/session_015,batch1,15,PEACH,PEACH,0,5,900,150,EmotivPRO_manual_export,185.99609375,255.9999999999999,2.498826354264803e-11,8.526512829121202e-11,5.778820834730214,0,,179.6875,1.0,-0.03125,0.04222222222222227
batch1/session_016,batch1,16,MUSIC,MUSIC,0,5,900,150,EmotivPRO_manual_export,187.99609375,256.00000000000034,6.98094532326795e-11,2.2737367544323206e-10,5.836364321537751,0,,179.6875,1.0,-0.84375,0.025555555555555554
batch1/session_017,batch1,17,WORSE,WORSE,0,5,900,150,EmotivPRO_manual_export,183.99609375,255.99999999999977,4.753032861449565e-11,1.7053025658242404e-10,5.864803741484879,0,,179.6875,1.0,-0.84375,0.012222222222222245
batch1/session_018,batch1,18,CANDY,CANDY,0,5,900,150,EmotivPRO_manual_export,185.99609375,255.9999999999999,2.498826354264803e-11,8.526512829121202e-11,5.663423087107373,0,,179.6875,1.0,-0.28125,0.00666666666666671
batch1/session_019,batch1,19,RICE,RICE,0,4,720,120,EmotivPRO_manual_export,145.99609375,255.99999999999994,8.153482886675574e-12,2.8421709430404007e-11,6.811801709352588,0,,179.6875,1.0,-0.203125,0.001388888888888884
batch1/session_020,batch1,20,NICE,NICE,0,4,720,120,EmotivPRO_manual_export,148.99609375,256.0,4.8541725739560015e-12,2.8421709430404007e-11,6.226872255348217,0,,179.6875,1.0,-0.75,0.03472222222222221
batch2/session_001,batch2,1,HOUSE,HOUSE,0,5,900,150,cortex_api,177.26972690003458,256.02216384467164,5.756019217005759,83.23094631683148,5.923046195341052,0,,179.7800000058487,1.0,0.21875,0.0033333333333332993
batch2/session_002,batch2,2,PLANT,PLANT,0,5,900,150,cortex_api,177.39177200000267,256.0239836455981,4.9791013593943605,36.31887099273001,6.024456734578716,1,FC1,179.93029998615384,1.0,0.234375,0.00666666666666671
batch2/session_003,batch2,3,QUICK,QUICK,0,5,900,150,cortex_api,177.34046189999208,256.02339246649217,5.173747137611953,37.99186186177472,6.229058907794738,1,FC1,179.9553000018932,1.0,0.21875,0.007777777777777772
batch2/session_004,batch2,4,ZEBRA,ZEBRA,0,5,900,150,cortex_api,178.95138470001984,256.0238180241715,5.380374706226422,33.26263470751645,5.783055030581824,0,,181.45660002483055,1.0,0.21875,0.010000000000000009
batch2/session_005,batch2,5,JUMPY,JUMPY,0,5,900,150,cortex_api,177.42168920004042,256.0233776887431,5.105417806044799,41.52401272143224,5.890325231025672,1,FC1,179.96500001754612,1.0,0.21875,0.012222222222222245
batch2/session_006,batch2,6,VIVID,VIVID,0,5,900,150,cortex_api,177.620857300004,256.02339378018775,5.365519057276276,41.12702358449383,7.3852566240444,1,FC1,180.20589998923242,1.0,0.234375,0.02777777777777779
batch2/session_007,batch2,7,WATER,WATER,0,5,900,150,cortex_api,177.63618839997798,256.02290460091467,5.192143649521114,41.77685264474462,6.796296275012401,1,FC1,180.16689998330548,1.0,0.234375,0.0011111111111110628
batch2/session_008,batch2,8,YOUTH,YOUTH,0,5,900,150,cortex_api,177.50819510000292,256.02286920864003,5.163595613777238,39.64961909278486,6.20554659642386,1,FC1,180.12269999599084,1.0,0.265625,0.00666666666666671
batch2/session_009,batch2,9,KNIFE,KNIFE,0,5,900,150,cortex_api,177.16472579998663,256.0233070890133,5.580848447842329,82.75194721746537,6.273798061424937,1,FC1,179.70420001074672,1.0,0.25,0.005555555555555536
batch2/session_010,batch2,10,BRAVE,BRAVE,0,5,900,150,cortex_api,177.357621400035,256.0235043090395,5.124867184887918,32.98359415704688,6.842083869629205,1,FC1,179.90160000044852,1.0,0.234375,0.020000000000000018
