session,batch,order,n_target,n_nontarget,pz_target_uv,pz_nontarget_uv,pz_diff_uv,pz_d,roi_diff_uv,roi_d,flash_t,flash_p,peak_latency_ms
batch1/session_005,batch1,5,293,1484,1.466537356376648,-0.30937659740448,1.775913953781128,0.28589382767677307,1.869854211807251,0.3341674506664276,4.52306623881142,7.919965615914925e-06,412.109375
batch1/session_006,batch1,6,294,1474,0.9326515197753906,-0.4491997957229614,1.381851315498352,0.22474204003810883,1.464794397354126,0.2663610577583313,3.586476050311208,0.0003732890406312057,412.109375
batch1/session_007,batch1,7,296,1483,1.7056633234024048,-0.39653804898262024,2.102201461791992,0.39153262972831726,2.1979284286499023,0.46100708842277527,6.115632808468531,2.215847912414391e-09,412.109375
batch1/session_008,batch1,8,324,1624,1.4670653343200684,-0.5771080851554871,2.0441734790802,0.33430176973342896,2.0143961906433105,0.3710270822048187,5.511712339129902,5.905696321768057e-08,333.984375
batch1/session_009,batch1,9,150,743,2.2610976696014404,-0.808343768119812,3.069441318511963,0.5212578177452087,3.0082850456237793,0.5730571150779724,5.910063312799331,1.2918764944285706e-08,412.109375
batch1/session_010,batch1,10,146,732,1.6804157495498657,-0.8439801335334778,2.5243959426879883,0.4405168294906616,2.6252970695495605,0.49668043851852417,4.92578062817082,1.6877217266818615e-06,427.734375
batch1/session_011,batch1,11,147,728,1.5794906616210938,-0.6070777177810669,2.186568260192871,0.3735063374042511,2.324770450592041,0.42101404070854187,4.207926401006227,3.772875637614003e-05,412.109375
batch1/session_012,batch1,12,150,736,0.8463937640190125,-0.4876547157764435,1.3340485095977783,0.22207334637641907,1.7161893844604492,0.3184955418109894,2.4167722675835126,0.016538204099789615,412.109375
batch1/session_013,batch1,13,176,885,1.3752800226211548,-0.5192731618881226,1.8945531845092773,0.3226473033428192,2.1939809322357178,0.40731608867645264,3.9058576328714834,0.00012097878234546708,396.484375
batch1/session_014,batch1,14,150,745,2.1662378311157227,-0.5804517269134521,2.746689558029175,0.4499291777610779,3.217632293701172,0.5559844374656677,5.009914026557978,1.146425303039426e-06,427.734375
batch1/session_015,batch1,15,143,719,0.9586193561553955,-0.5066458582878113,1.4652652740478516,0.24190986156463623,1.6645784378051758,0.29856255650520325,2.6245711346313136,0.009345633608387022,396.484375
batch1/session_016,batch1,16,142,735,1.8448662757873535,-0.6600197553634644,2.5048861503601074,0.44234269857406616,2.7157628536224365,0.5088055729866028,4.968663630802796,1.3928491642437406e-06,380.859375
batch1/session_017,batch1,17,150,739,2.2551932334899902,-0.7750543355941772,3.030247688293457,0.45612290501594543,3.2303080558776855,0.5164923071861267,4.975088308312409,1.3797195813774081e-06,412.109375
batch1/session_018,batch1,18,150,744,1.7170416116714478,-0.7266756892204285,2.4437172412872314,0.3631435036659241,2.6407363414764404,0.4758221209049225,3.9318870721468016,0.00011589424417060749,427.734375
batch1/session_019,batch1,19,119,600,2.2938053607940674,-0.5755121111869812,2.8693175315856934,0.3704947531223297,2.6290693283081055,0.46133726835250854,4.0227432046449545,8.129998657429482e-05,412.109375
batch1/session_020,batch1,20,117,578,0.5966292023658752,-0.35780057311058044,0.9544297456741333,0.08008760958909988,1.667022705078125,0.2727563977241516,0.7641279037217638,0.44594222600709743,396.484375
batch2/session_001,batch2,1,150,747,1.105913758277893,-0.33028537034988403,1.4361991882324219,0.22594137489795685,1.8408071994781494,0.3042744994163513,2.5379194503161395,0.011858988739912679,412.109375
batch2/session_002,batch2,2,150,744,1.3323081731796265,-0.7372258305549622,2.0695340633392334,0.27402761578559875,2.036402702331543,0.3199160099029541,3.0400002038262586,0.0026658414019678487,302.734375
batch2/session_003,batch2,3,148,745,1.2594410181045532,-0.42723777890205383,1.6866787672042847,0.22566014528274536,1.6807315349578857,0.26549574732780457,2.4414157671318533,0.015501206877778477,302.734375
batch2/session_004,batch2,4,149,742,0.7825044989585876,-0.35929933190345764,1.1418038606643677,0.1663287878036499,1.1065829992294312,0.19185040891170502,1.8600667397761186,0.0642526578289601,287.109375
batch2/session_005,batch2,5,149,740,1.0341873168945312,-0.45460280776023865,1.4887901544570923,0.21557295322418213,1.445307970046997,0.24658441543579102,2.3530723715243242,0.01957024931870767,412.109375
batch2/session_006,batch2,6,146,729,2.0179381370544434,-0.9383310675621033,2.9562692642211914,0.35957589745521545,2.7399404048919678,0.39183419942855835,4.075534016147233,6.424405940262181e-05,318.359375
batch2/session_007,batch2,7,150,749,1.4718527793884277,-0.40775933861732483,1.8796120882034302,0.12568938732147217,1.569823980331421,0.2178318053483963,1.4169879897836735,0.15792417546553408,427.734375
batch2/session_008,batch2,8,149,745,2.8724987506866455,-0.9443849325180054,3.8168835639953613,0.3105098307132721,2.795665740966797,0.42502060532569885,3.215807770556319,0.0015337189769303776,396.484375
batch2/session_009,batch2,9,149,746,2.1395680904388428,-0.6606430411338806,2.800211191177368,0.35907378792762756,2.7613747119903564,0.43002331256866455,3.9003557539962705,0.00013081050868974184,271.484375
batch2/session_010,batch2,10,147,735,0.3571813106536865,-0.19532611966133118,0.5525074005126953,0.07352562993764877,0.6418715715408325,0.10185594856739044,0.8302132937058531,0.40733104072008275,458.984375
