cond,ea,session,batch,order,auc
pooled,raw,batch1/session_005,batch1,5,0.8926363577822138
pooled,raw,batch1/session_006,batch1,6,0.9115577031355282
pooled,raw,batch1/session_007,batch1,7,0.9201673014889467
pooled,raw,batch1/session_008,batch1,8,0.9466395274584929
pooled,raw,batch1/session_009,batch1,9,0.9490892777030058
pooled,raw,batch1/session_010,batch1,10,0.9724436709334531
pooled,raw,batch1/session_011,batch1,11,0.9752840696718247
pooled,raw,batch1/session_012,batch1,12,0.9721739130434783
pooled,raw,batch1/session_013,batch1,13,0.9675654853620954
pooled,raw,batch1/session_014,batch1,14,0.9556062639821028
pooled,raw,batch1/session_015,batch1,15,0.972874135600144
pooled,raw,batch1/session_016,batch1,16,0.9342243939829453
pooled,raw,batch1/session_017,batch1,17,0.969679747406405
pooled,raw,batch1/session_018,batch1,18,0.9553494623655915
pooled,raw,batch1/session_019,batch1,19,0.9388935574229692
pooled,raw,batch1/session_020,batch1,20,0.9405997693194925
pooled,raw,batch2/session_001,batch2,1,0.8953770638107987
pooled,raw,batch2/session_002,batch2,2,0.9077598566308244
pooled,raw,batch2/session_003,batch2,3,0.9443043714855794
pooled,raw,batch2/session_004,batch2,4,0.942075652598636
pooled,raw,batch2/session_005,batch2,5,0.9332305459822239
pooled,raw,batch2/session_006,batch2,6,0.9555311272713607
pooled,raw,batch2/session_007,batch2,7,0.8943747218513576
pooled,raw,batch2/session_008,batch2,8,0.9572091347236611
pooled,raw,batch2/session_009,batch2,9,0.9456519783363622
pooled,raw,batch2/session_010,batch2,10,0.8936276551436901
within,raw,batch1/session_005,batch1,5,0.8900720311306954
within,raw,batch1/session_006,batch1,6,0.9143244814886604
within,raw,batch1/session_007,batch1,7,0.9125448779865502
within,raw,batch1/session_008,batch1,8,0.9484526090129539
within,raw,batch1/session_009,batch1,9,0.952902646926873
within,raw,batch1/session_010,batch1,10,0.973706864286249
within,raw,batch1/session_011,batch1,11,0.9807225087837333
within,raw,batch1/session_012,batch1,12,0.9803079710144927
within,raw,batch1/session_013,batch1,13,0.9696969696969697
within,raw,batch1/session_014,batch1,14,0.9615749440715884
within,raw,batch1/session_015,batch1,15,0.9756168726961494
within,raw,batch1/session_016,batch1,16,0.9474370029702022
within,raw,batch1/session_017,batch1,17,0.9699233198015336
within,raw,batch1/session_018,batch1,18,0.956173835125448
within,raw,batch1/session_019,batch1,19,0.940266106442577
within,raw,batch1/session_020,batch1,20,0.9386478573329784
within,raw,batch2/session_001,batch2,1,0.8963230700580097
within,raw,batch2/session_002,batch2,2,0.8996236559139784
within,raw,batch2/session_003,batch2,3,0.9354888445492473
within,raw,batch2/session_004,batch2,4,0.9473127227337688
within,raw,batch2/session_005,batch2,5,0.9262107745329222
within,raw,batch2/session_006,batch2,6,0.9548029764924741
within,raw,batch2/session_007,batch2,7,0.8828126390743214
within,raw,batch2/session_008,batch2,8,0.9458673032746272
within,raw,batch2/session_009,batch2,9,0.9463627039962575
within,raw,batch2/session_010,batch2,10,0.8807071127770836
cross,raw,batch2/session_001,batch2,1,0.8657295850066935
cross,raw,batch2/session_002,batch2,2,0.776872759856631
cross,raw,batch2/session_003,batch2,3,0.8242789769635407
cross,raw,batch2/session_004,batch2,4,0.8140704426635793
cross,raw,batch2/session_005,batch2,5,0.8332577543986941
cross,raw,batch2/session_006,batch2,6,0.854717477497792
cross,raw,batch2/session_007,batch2,7,0.8213084112149533
cross,raw,batch2/session_008,batch2,8,0.8885725868204135
cross,raw,batch2/session_009,batch2,9,0.8405455494179246
cross,raw,batch2/session_010,batch2,10,0.8293766486186311
cross,raw,batch1/session_005,batch1,5,0.8514392427071931
cross,raw,batch1/session_006,batch1,6,0.8780633013042395
cross,raw,batch1/session_007,batch1,7,0.8820551839769641
cross,raw,batch1/session_008,batch1,8,0.9180179255610289
cross,raw,batch1/session_009,batch1,9,0.8987258860475549
cross,raw,batch1/session_010,batch1,10,0.9417527509544127
cross,raw,batch1/session_011,batch1,11,0.9429711445017567
cross,raw,batch1/session_012,batch1,12,0.939873188405797
cross,raw,batch1/session_013,batch1,13,0.9413841807909604
cross,raw,batch1/session_014,batch1,14,0.9294138702460849
cross,raw,batch1/session_015,batch1,15,0.9475184064891993
cross,raw,batch1/session_016,batch1,16,0.8802146210596915
cross,raw,batch1/session_017,batch1,17,0.9452052322958954
cross,raw,batch1/session_018,batch1,18,0.918611111111111
cross,raw,batch1/session_019,batch1,19,0.9153641456582633
cross,raw,batch1/session_020,batch1,20,0.9104338568006388
pooled,EA,batch1/session_005,batch1,5,0.9029028637664094
pooled,EA,batch1/session_006,batch1,6,0.920476467384783
pooled,EA,batch1/session_007,batch1,7,0.9204133330903391
pooled,EA,batch1/session_008,batch1,8,0.9508244389709907
pooled,EA,batch1/session_009,batch1,9,0.9569672498878421
pooled,EA,batch1/session_010,batch1,10,0.9765701025525864
pooled,EA,batch1/session_011,batch1,11,0.9837968154294685
pooled,EA,batch1/session_012,batch1,12,0.9770108695652173
pooled,EA,batch1/session_013,batch1,13,0.9715010272213661
pooled,EA,batch1/session_014,batch1,14,0.9740402684563758
pooled,EA,batch1/session_015,batch1,15,0.9751889279010281
pooled,EA,batch1/session_016,batch1,16,0.9459327392929002
pooled,EA,batch1/session_017,batch1,17,0.9702390617952187
pooled,EA,batch1/session_018,batch1,18,0.9586200716845877
pooled,EA,batch1/session_019,batch1,19,0.9574649859943978
pooled,EA,batch1/session_020,batch1,20,0.9517197527578151
pooled,EA,batch2/session_001,batch2,1,0.9040606871932173
pooled,EA,batch2/session_002,batch2,2,0.9181541218637993
pooled,EA,batch2/session_003,batch2,3,0.9480047161255215
pooled,EA,batch2/session_004,batch2,4,0.9395611353316811
pooled,EA,batch2/session_005,batch2,5,0.9428441864683476
pooled,EA,batch2/session_006,batch2,6,0.962634120675724
pooled,EA,batch2/session_007,batch2,7,0.9202937249666221
pooled,EA,batch2/session_008,batch2,8,0.9566506013242646
pooled,EA,batch2/session_009,batch2,9,0.9549723806610648
pooled,EA,batch2/session_010,batch2,10,0.8979314174649451
within,EA,batch1/session_005,batch1,5,0.9010905862763678
within,EA,batch1/session_006,batch1,6,0.9186696388188925
within,EA,batch1/session_007,batch1,7,0.9167205809990704
within,EA,batch1/session_008,batch1,8,0.9510068874293012
within,EA,batch1/session_009,batch1,9,0.9566442350829969
within,EA,batch1/session_010,batch1,10,0.9755221199191556
within,EA,batch1/session_011,batch1,11,0.984366823652538
within,EA,batch1/session_012,batch1,12,0.9792572463768116
within,EA,batch1/session_013,batch1,13,0.9709874165382639
within,EA,batch1/session_014,batch1,14,0.9768501118568234
within,EA,batch1/session_015,batch1,15,0.9725823550580157
within,EA,batch1/session_016,batch1,16,0.9504263677301907
within,EA,batch1/session_017,batch1,17,0.9699503834009924
within,EA,batch1/session_018,batch1,18,0.9583960573476702
within,EA,batch1/session_019,batch1,19,0.957436974789916
within,EA,batch1/session_020,batch1,20,0.9508029456126341
within,EA,batch2/session_001,batch2,1,0.9123962516733601
within,EA,batch2/session_002,batch2,2,0.9106362007168459
within,EA,batch2/session_003,batch2,3,0.9441320515146019
within,EA,batch2/session_004,batch2,4,0.9471318222109661
within,EA,batch2/session_005,batch2,5,0.934164701614366
within,EA,batch2/session_006,batch2,6,0.9597684950297837
within,EA,batch2/session_007,batch2,7,0.917454383622608
within,EA,batch2/session_008,batch2,8,0.9417773974145308
within,EA,batch2/session_009,batch2,9,0.9486928045774331
within,EA,batch2/session_010,batch2,10,0.8928872229163773
cross,EA,batch2/session_001,batch2,1,0.8856135653726015
cross,EA,batch2/session_002,batch2,2,0.9053225806451612
cross,EA,batch2/session_003,batch2,3,0.9346272446943588
cross,EA,batch2/session_004,batch2,4,0.9167586244324246
cross,EA,batch2/session_005,batch2,5,0.9301106475603119
cross,EA,batch2/session_006,batch2,6,0.9518480936542834
cross,EA,batch2/session_007,batch2,7,0.9079127725856697
cross,EA,batch2/session_008,batch2,8,0.9511373361560289
cross,EA,batch2/session_009,batch2,9,0.9434748187199741
cross,EA,batch2/session_010,batch2,10,0.8829191540561804
cross,EA,batch1/session_005,batch1,5,0.863828505193049
cross,EA,batch1/session_006,batch1,6,0.8863936347944877
cross,EA,batch1/session_007,batch1,7,0.8894520785114177
cross,EA,batch1/session_008,batch1,8,0.9214293316304811
cross,EA,batch1/session_009,batch1,9,0.9184477344100492
cross,EA,batch1/session_010,batch1,10,0.943062729246201
cross,EA,batch1/session_011,batch1,11,0.9501569858712716
cross,EA,batch1/session_012,batch1,12,0.943197463768116
cross,EA,batch1/session_013,batch1,13,0.9391050333846944
cross,EA,batch1/session_014,batch1,14,0.9322058165548098
cross,EA,batch1/session_015,batch1,15,0.9456412850015076
cross,EA,batch1/session_016,batch1,16,0.8866724154450514
cross,EA,batch1/session_017,batch1,17,0.947704104645918
cross,EA,batch1/session_018,batch1,18,0.9220430107526882
cross,EA,batch1/session_019,batch1,19,0.9283053221288516
cross,EA,batch1/session_020,batch1,20,0.9123709815751339
