cond,ea,group,reps,n_chars,correct,acc,wilson_lo,wilson_hi,boot_lo,boot_hi,itr_bpm,binom_p_vs_chance
cross,EA,all,1,150,69,0.46,0.38223445858630034,0.5397632325453572,0.38175255847953216,0.5368506493506493,39.020381485327896,2.5066741422207537e-65
cross,EA,all,2,150,115,0.7666666666666667,0.6928407309593593,0.8271746614962575,,,44.29604652783035,7.538524613618994e-146
cross,EA,all,3,150,141,0.94,0.8899090795570952,0.9681163179946721,0.9050632911392406,0.9681617169750081,41.98817686362164,2.348689221966438e-206
cross,EA,all,4,150,142,0.9466666666666667,0.8982949952532904,0.9727307871098676,,,31.91647099426249,4.2522546819023777e-209
cross,EA,all,5,150,147,0.98,0.9428523341357583,0.9931753722843516,0.9558285566435794,1.0,27.366104436453288,8.481419725539538e-224
cross,EA,all,6,150,147,0.98,0.9428523341357583,0.9931753722843516,,,22.805087030377738,8.481419725539538e-224
cross,EA,all,7,150,148,0.9866666666666667,0.9526921436197238,0.9963359476117768,,,19.83879573336401,4.911057975896564e-227
cross,EA,all,8,150,149,0.9933333333333333,0.9632062470660241,0.9988222289768665,0.980125,1.0,17.631777156802816,1.8830719021777492e-230
cross,EA,all,9,150,148,0.9866666666666667,0.9526921436197238,0.9963359476117768,,,15.430174459283117,4.911057975896564e-227
cross,EA,all,10,150,149,0.9933333333333333,0.9632062470660241,0.9988222289768665,0.9803244324045407,1.0,14.105421725442254,1.8830719021777492e-230
cross,EA,all,11,150,149,0.9933333333333333,0.9632062470660241,0.9988222289768665,,,12.823110659492958,1.8830719021777492e-230
cross,EA,all,12,150,150,1.0,0.9750288608542812,1.0,,,11.967418984820169,3.586120552614262e-234
cross,EA,all,13,150,150,1.0,0.9750288608542812,1.0,,,11.046848293680155,3.586120552614262e-234
cross,EA,all,14,150,150,1.0,0.9750288608542812,1.0,,,10.25778770127443,3.586120552614262e-234
cross,EA,all,15,150,150,1.0,0.9750288608542812,1.0,1.0,1.0,9.573935187856135,3.586120552614262e-234
cross,EA,batch1,1,100,44,0.44,0.34671865400968327,0.537720722887437,0.33035101715197446,0.5477403846153847,36.331638631418734,3.5220516571642265e-41
cross,EA,batch1,2,100,75,0.75,0.6569535362992417,0.8245490599627573,,,42.72675170481858,2.292430892489858e-94
cross,EA,batch1,3,100,95,0.95,0.8882480347279118,0.9784566385436864,0.9178373945641987,0.9801980198019802,42.84318419888063,9.278113665242018e-141
cross,EA,batch1,4,100,96,0.96,0.9016278276739262,0.984336949448152,,,32.79487147001457,1.380243456035871e-143
cross,EA,batch1,5,100,99,0.99,0.9455124752390653,0.9982326134344526,0.9693053375196232,1.0,27.987994640983064,8.202420580330584e-153
cross,EA,batch1,6,100,98,0.98,0.9299868370580063,0.9944981477650318,,,22.805087030377738,1.4214837037541076e-149
cross,EA,batch1,7,100,98,0.98,0.9299868370580063,0.9944981477650318,,,19.54721745460949,1.4214837037541076e-149
cross,EA,batch1,8,100,99,0.99,0.9455124752390653,0.9982326134344526,0.9705709891377488,1.0,17.492496650614413,8.202420580330584e-153
cross,EA,batch1,9,100,98,0.98,0.9299868370580063,0.9944981477650318,,,15.20339135358516,1.4214837037541076e-149
cross,EA,batch1,10,100,99,0.99,0.9455124752390653,0.9982326134344526,0.9711538461538461,1.0,13.993997320491532,8.202420580330584e-153
cross,EA,batch1,11,100,99,0.99,0.9455124752390653,0.9982326134344526,,,12.721815745901393,8.202420580330584e-153
cross,EA,batch1,12,100,100,1.0,0.9630051925239981,0.9999999999999999,,,11.967418984820169,2.3428793431392695e-156
cross,EA,batch1,13,100,100,1.0,0.9630051925239981,0.9999999999999999,,,11.046848293680155,2.3428793431392695e-156
cross,EA,batch1,14,100,100,1.0,0.9630051925239981,0.9999999999999999,,,10.25778770127443,2.3428793431392695e-156
cross,EA,batch1,15,100,100,1.0,0.9630051925239981,0.9999999999999999,1.0,1.0,9.573935187856135,2.3428793431392695e-156
cross,EA,batch2,1,50,25,0.5,0.36644286412332855,0.6335571358766714,0.38,0.62,44.5912081380508,7.951181828638558e-26
cross,EA,batch2,2,50,40,0.8,0.6696262789551477,0.8875637005402612,,,47.52972643286051,4.367738425150971e-53
cross,EA,batch2,3,50,46,0.92,0.8116149745493629,0.9684509967442093,0.86,0.98,40.346325647078174,5.30270801129185e-67
cross,EA,batch2,4,50,46,0.92,0.8116149745493629,0.9684509967442093,,,30.259744235308627,5.30270801129185e-67
cross,EA,batch2,5,50,48,0.96,0.8653966212204534,0.9889613473391734,0.9,1.0,26.23589717601166,2.299606877806741e-72
cross,EA,batch2,6,50,49,0.98,0.8950431352816304,0.9964608319110235,,,22.805087030377738,2.680162384808865e-75
cross,EA,batch2,7,50,50,1.0,0.9286499658256813,1.0,,,20.51557540254886,1.530646707486502e-78
cross,EA,batch2,8,50,50,1.0,0.9286499658256813,1.0,1.0,1.0,17.95112847723025,1.530646707486502e-78
cross,EA,batch2,9,50,50,1.0,0.9286499658256813,1.0,,,15.956558646426892,1.530646707486502e-78
cross,EA,batch2,10,50,50,1.0,0.9286499658256813,1.0,1.0,1.0,14.360902781784203,1.530646707486502e-78
cross,EA,batch2,11,50,50,1.0,0.9286499658256813,1.0,,,13.055366165258366,1.530646707486502e-78
cross,EA,batch2,12,50,50,1.0,0.9286499658256813,1.0,,,11.967418984820169,1.530646707486502e-78
cross,EA,batch2,13,50,50,1.0,0.9286499658256813,1.0,,,11.046848293680155,1.530646707486502e-78
cross,EA,batch2,14,50,50,1.0,0.9286499658256813,1.0,,,10.25778770127443,1.530646707486502e-78
cross,EA,batch2,15,50,50,1.0,0.9286499658256813,1.0,1.0,1.0,9.573935187856135,1.530646707486502e-78
cross,raw,all,1,150,62,0.41333333333333333,0.3376520916836594,0.4933429057682652,0.32752189781021895,0.49687683169864405,32.84799904349557,2.7604141098410753e-55
cross,raw,all,2,150,107,0.7133333333333334,0.6363493407951355,0.7796629731693578,,,39.377141565781855,6.94367966230602e-130
cross,raw,all,3,150,126,0.84,0.772958942656478,0.8900606827244333,0.7682565789473684,0.9080729166666666,34.397501519356965,1.5982691209111155e-169
cross,raw,all,4,150,134,0.8933333333333333,0.8337524992356726,0.9332702046363619,,,28.701544902416046,2.500145961118612e-188
cross,raw,all,5,150,138,0.92,0.8653774250568131,0.9536468180607831,0.8705035971223022,0.9636574074074074,24.207795388246907,2.0946092926125297e-198
cross,raw,all,6,150,142,0.9466666666666667,0.8982949952532904,0.9727307871098676,,,21.27764732950833,4.2522546819023777e-209
cross,raw,all,7,150,144,0.96,0.9154854608728422,0.9815410911130964,,,18.739926554294044,9.436082748701055e-215
cross,raw,all,8,150,145,0.9666666666666667,0.9243471574929044,0.9856797793044249,0.9275714285714286,0.9936111791605422,16.625370140829677,1.1153684668367495e-217
cross,raw,all,9,150,146,0.9733333333333334,0.9334450938998244,0.9895822277088953,,,14.986897122853241,1.0911390693379273e-220
cross,raw,all,10,150,146,0.9733333333333334,0.9334450938998244,0.9895822277088953,0.9377047413793104,1.0,13.488207410567917,1.0911390693379273e-220
cross,raw,all,11,150,148,0.9866666666666667,0.9526921436197238,0.9963359476117768,,,12.624688193958914,4.911057975896564e-227
cross,raw,all,12,150,149,0.9933333333333333,0.9632062470660241,0.9988222289768665,,,11.754518104535212,1.8830719021777492e-230
cross,raw,all,13,150,149,0.9933333333333333,0.9632062470660241,0.9988222289768665,,,10.850324404186349,1.8830719021777492e-230
cross,raw,all,14,150,148,0.9866666666666667,0.9526921436197238,0.9963359476117768,,,9.919397866682004,4.911057975896564e-227
cross,raw,all,15,150,148,0.9866666666666667,0.9526921436197238,0.9963359476117768,0.9647569444444445,1.0,9.25810467556987,4.911057975896564e-227
cross,raw,batch1,1,100,47,0.47,0.3751065198210374,0.5671131686275227,0.3575,0.5722098214285714,40.38898371927056,1.3985306573771525e-45
cross,raw,batch1,2,100,76,0.76,0.6676748127670786,0.8330878873454004,,,43.66467774987497,2.153469116662743e-96
cross,raw,batch1,3,100,91,0.91,0.8377362530335634,0.9519280048361151,0.8563696612665684,0.9581670168067227,39.55388623012188,3.5224182019607123e-130
cross,raw,batch1,4,100,97,0.97,0.915479219195973,0.9897456617765851,,,33.48371286876657,1.6257133749095994e-146
cross,raw,batch1,5,100,99,0.99,0.9455124752390653,0.9982326134344526,0.9705480769230769,1.0,27.987994640983064,8.202420580330584e-153
cross,raw,batch1,6,100,99,0.99,0.9455124752390653,0.9982326134344526,,,23.323328867485888,8.202420580330584e-153
cross,raw,batch1,7,100,99,0.99,0.9455124752390653,0.9982326134344526,,,19.99142474355933,8.202420580330584e-153
cross,raw,batch1,8,100,100,1.0,0.9630051925239981,0.9999999999999999,1.0,1.0,17.95112847723025,2.3428793431392695e-156
cross,raw,batch1,9,100,100,1.0,0.9630051925239981,0.9999999999999999,,,15.956558646426892,2.3428793431392695e-156
cross,raw,batch1,10,100,100,1.0,0.9630051925239981,0.9999999999999999,1.0,1.0,14.360902781784203,2.3428793431392695e-156
cross,raw,batch1,11,100,100,1.0,0.9630051925239981,0.9999999999999999,,,13.055366165258366,2.3428793431392695e-156
cross,raw,batch1,12,100,100,1.0,0.9630051925239981,0.9999999999999999,,,11.967418984820169,2.3428793431392695e-156
cross,raw,batch1,13,100,100,1.0,0.9630051925239981,0.9999999999999999,,,11.046848293680155,2.3428793431392695e-156
cross,raw,batch1,14,100,99,0.99,0.9455124752390653,0.9982326134344526,,,9.995712371779666,8.202420580330584e-153
cross,raw,batch1,15,100,99,0.99,0.9455124752390653,0.9982326134344526,0.9662689393939394,1.0,9.329331546994355,8.202420580330584e-153
cross,raw,batch2,1,50,15,0.3,0.1910338908960936,0.4375061227736339,0.2,0.42,19.392666398615106,4.050097426472727e-12
cross,raw,batch2,2,50,31,0.62,0.4815019502239357,0.7413740415742278,,,31.42715878856841,1.0293107537768839e-35
cross,raw,batch2,3,50,35,0.7,0.562493877226366,0.8089661091039063,0.56,0.8304999999999995,25.461566640075272,5.0516546956394546e-43
cross,raw,batch2,4,50,37,0.74,0.6044657801100008,0.8412862034863262,,,20.899757253777793,6.48752195968335e-47
cross,raw,batch2,5,50,39,0.78,0.6475818431054045,0.8724621377569771,0.7,0.86,18.22952908195808,5.563911885683086e-51
cross,raw,batch2,6,50,43,0.86,0.738135428014719,0.9304925473797714,,,17.90549336771834,9.881572004554043e-60
cross,raw,batch2,7,50,45,0.9,0.7863950966521162,0.956524876008429,,,16.61905200856561,1.708625464659872e-64
cross,raw,batch2,8,50,45,0.9,0.7863950966521162,0.956524876008429,0.8,0.98,14.541670507494908,1.708625464659872e-64
cross,raw,batch2,9,50,46,0.92,0.8116149745493629,0.9684509967442093,,,13.448775215692725,5.30270801129185e-67
cross,raw,batch2,10,50,46,0.92,0.8116149745493629,0.9684509967442093,0.82,1.0,12.103897694123454,5.30270801129185e-67
cross,raw,batch2,11,50,48,0.96,0.8653966212204534,0.9889613473391734,,,11.925407807278027,2.299606877806741e-72
cross,raw,batch2,12,50,49,0.98,0.8950431352816304,0.9964608319110235,,,11.402543515188869,2.680162384808865e-75
cross,raw,batch2,13,50,49,0.98,0.8950431352816304,0.9964608319110235,,,10.525424783251264,2.680162384808865e-75
cross,raw,batch2,14,50,49,0.98,0.8950431352816304,0.9964608319110235,,,9.773608727304746,2.680162384808865e-75
cross,raw,batch2,15,50,49,0.98,0.8950431352816304,0.9964608319110235,0.94,1.0,9.122034812151096,2.680162384808865e-75
pooled,EA,all,1,150,85,0.5666666666666667,0.4866784070665957,0.6433254410473084,0.48427672955974843,0.6598639455782312,54.447164436869635,2.0858524486809306e-90
pooled,EA,all,2,150,127,0.8466666666666667,0.7804188029480452,0.8956012072442565,,,52.29604791311174,8.627273282502306e-172
pooled,EA,all,3,150,145,0.9666666666666667,0.9243471574929044,0.9856797793044249,0.938183023872679,0.9930806992337164,44.334320375545815,1.1153684668367495e-217
pooled,EA,all,4,150,147,0.98,0.9428523341357583,0.9931753722843516,,,34.2076305455666,8.481419725539538e-224
pooled,EA,all,5,150,148,0.9866666666666667,0.9526921436197238,0.9963359476117768,0.9637681159420289,1.0,27.77431402670961,4.911057975896564e-227
pooled,EA,all,6,150,149,0.9933333333333333,0.9632062470660241,0.9988222289768665,,,23.509036209070423,1.8830719021777492e-230
pooled,EA,all,7,150,150,1.0,0.9750288608542812,1.0,,,20.51557540254886,3.586120552614262e-234
pooled,EA,all,8,150,150,1.0,0.9750288608542812,1.0,1.0,1.0,17.95112847723025,3.586120552614262e-234
pooled,EA,all,9,150,150,1.0,0.9750288608542812,1.0,,,15.956558646426892,3.586120552614262e-234
pooled,EA,all,10,150,150,1.0,0.9750288608542812,1.0,1.0,1.0,14.360902781784203,3.586120552614262e-234
pooled,EA,all,11,150,150,1.0,0.9750288608542812,1.0,,,13.055366165258366,3.586120552614262e-234
pooled,EA,all,12,150,150,1.0,0.9750288608542812,1.0,,,11.967418984820169,3.586120552614262e-234
pooled,EA,all,13,150,150,1.0,0.9750288608542812,1.0,,,11.046848293680155,3.586120552614262e-234
pooled,EA,all,14,150,150,1.0,0.9750288608542812,1.0,,,10.25778770127443,3.586120552614262e-234
pooled,EA,all,15,150,150,1.0,0.9750288608542812,1.0,1.0,1.0,9.573935187856135,3.586120552614262e-234
pooled,EA,batch1,1,100,59,0.59,0.4920125056109662,0.6813284290433533,0.48036538461538464,0.7232499999999998,58.067180437140316,9.741972113631562e-65
pooled,EA,batch1,2,100,84,0.84,0.7557955544110557,0.8990479765052628,,,51.59625227903543,1.6076066548191004e-113
pooled,EA,batch1,3,100,98,0.98,0.9299868370580063,0.9944981477650318,0.9545454545454546,1.0,45.610174060755476,1.4214837037541076e-149
pooled,EA,batch1,4,100,98,0.98,0.9299868370580063,0.9944981477650318,,,34.2076305455666,1.4214837037541076e-149
pooled,EA,batch1,5,100,100,1.0,0.9630051925239981,0.9999999999999999,1.0,1.0,28.721805563568406,2.3428793431392695e-156
pooled,EA,batch1,6,100,100,1.0,0.9630051925239981,0.9999999999999999,,,23.934837969640338,2.3428793431392695e-156
pooled,EA,batch1,7,100,100,1.0,0.9630051925239981,0.9999999999999999,,,20.51557540254886,2.3428793431392695e-156
pooled,EA,batch1,8,100,100,1.0,0.9630051925239981,0.9999999999999999,1.0,1.0,17.95112847723025,2.3428793431392695e-156
pooled,EA,batch1,9,100,100,1.0,0.9630051925239981,0.9999999999999999,,,15.956558646426892,2.3428793431392695e-156
pooled,EA,batch1,10,100,100,1.0,0.9630051925239981,0.9999999999999999,1.0,1.0,14.360902781784203,2.3428793431392695e-156
pooled,EA,batch1,11,100,100,1.0,0.9630051925239981,0.9999999999999999,,,13.055366165258366,2.3428793431392695e-156
pooled,EA,batch1,12,100,100,1.0,0.9630051925239981,0.9999999999999999,,,11.967418984820169,2.3428793431392695e-156
pooled,EA,batch1,13,100,100,1.0,0.9630051925239981,0.9999999999999999,,,11.046848293680155,2.3428793431392695e-156
pooled,EA,batch1,14,100,100,1.0,0.9630051925239981,0.9999999999999999,,,10.25778770127443,2.3428793431392695e-156
pooled,EA,batch1,15,100,100,1.0,0.9630051925239981,0.9999999999999999,1.0,1.0,9.573935187856135,2.3428793431392695e-156
pooled,EA,batch2,1,50,26,0.52,0.3851151225880844,0.6520308760449429,0.40950000000000003,0.64,47.47287825870907,2.17975722417831e-27
pooled,EA,batch2,2,50,43,0.86,0.738135428014719,0.9304925473797714,,,53.716480103155014,9.881572004554043e-60
pooled,EA,batch2,3,50,47,0.94,0.8378265662912299,0.9793854036353695,0.88,1.0,41.98817686362164,1.2885785675140887e-69
pooled,EA,batch2,4,50,49,0.98,0.8950431352816304,0.9964608319110235,,,34.2076305455666,2.680162384808865e-75
pooled,EA,batch2,5,50,48,0.96,0.8653966212204534,0.9889613473391734,0.9,1.0,26.23589717601166,2.299606877806741e-72
pooled,EA,batch2,6,50,49,0.98,0.8950431352816304,0.9964608319110235,,,22.805087030377738,2.680162384808865e-75
pooled,EA,batch2,7,50,50,1.0,0.9286499658256813,1.0,,,20.51557540254886,1.530646707486502e-78
pooled,EA,batch2,8,50,50,1.0,0.9286499658256813,1.0,1.0,1.0,17.95112847723025,1.530646707486502e-78
pooled,EA,batch2,9,50,50,1.0,0.9286499658256813,1.0,,,15.956558646426892,1.530646707486502e-78
pooled,EA,batch2,10,50,50,1.0,0.9286499658256813,1.0,1.0,1.0,14.360902781784203,1.530646707486502e-78
pooled,EA,batch2,11,50,50,1.0,0.9286499658256813,1.0,,,13.055366165258366,1.530646707486502e-78
pooled,EA,batch2,12,50,50,1.0,0.9286499658256813,1.0,,,11.967418984820169,1.530646707486502e-78
pooled,EA,batch2,13,50,50,1.0,0.9286499658256813,1.0,,,11.046848293680155,1.530646707486502e-78
pooled,EA,batch2,14,50,50,1.0,0.9286499658256813,1.0,,,10.25778770127443,1.530646707486502e-78
pooled,EA,batch2,15,50,50,1.0,0.9286499658256813,1.0,1.0,1.0,9.573935187856135,1.530646707486502e-78
pooled,raw,all,1,150,82,0.5466666666666666,0.46682631163294025,0.6241763820467925,0.46853146853146854,0.627474358974359,51.41508130989127,1.7657980391234924e-85
pooled,raw,all,2,150,123,0.82,0.7507753195800668,0.8732431513666732,,,49.53579184255469,7.631994576372436e-163
pooled,raw,all,3,150,142,0.9466666666666667,0.8982949952532904,0.9727307871098676,0.9100179597701149,0.9775473484848484,42.55529465901666,4.2522546819023777e-209
pooled,raw,all,4,150,146,0.9733333333333334,0.9334450938998244,0.9895822277088953,,,33.72051852641979,1.0911390693379273e-220
pooled,raw,all,5,150,149,0.9933333333333333,0.9632062470660241,0.9988222289768665,0.9793022260273972,1.0,28.210843450884507,1.8830719021777492e-230
pooled,raw,all,6,150,149,0.9933333333333333,0.9632062470660241,0.9988222289768665,,,23.509036209070423,1.8830719021777492e-230
pooled,raw,all,7,150,150,1.0,0.9750288608542812,1.0,,,20.51557540254886,3.586120552614262e-234
pooled,raw,all,8,150,150,1.0,0.9750288608542812,1.0,1.0,1.0,17.95112847723025,3.586120552614262e-234
pooled,raw,all,9,150,150,1.0,0.9750288608542812,1.0,,,15.956558646426892,3.586120552614262e-234
pooled,raw,all,10,150,150,1.0,0.9750288608542812,1.0,1.0,1.0,14.360902781784203,3.586120552614262e-234
pooled,raw,all,11,150,150,1.0,0.9750288608542812,1.0,,,13.055366165258366,3.586120552614262e-234
pooled,raw,all,12,150,150,1.0,0.9750288608542812,1.0,,,11.967418984820169,3.586120552614262e-234
pooled,raw,all,13,150,150,1.0,0.9750288608542812,1.0,,,11.046848293680155,3.586120552614262e-234
pooled,raw,all,14,150,150,1.0,0.9750288608542812,1.0,,,10.25778770127443,3.586120552614262e-234
pooled,raw,all,15,150,150,1.0,0.9750288608542812,1.0,1.0,1.0,9.573935187856135,3.586120552614262e-234
pooled,raw,batch1,1,100,58,0.58,0.4820630799889527,0.672017750814887,0.4827068764568765,0.7055882352941176,56.504784424771444,4.793782507338741e-63
pooled,raw,batch1,2,100,83,0.83,0.7445181876635703,0.8910652394022684,,,50.558918191909,2.7813434468834025e-111
pooled,raw,batch1,3,100,97,0.97,0.915479219195973,0.9897456617765851,0.9354417206290472,1.0,44.64495049168876,1.6257133749095994e-146
pooled,raw,batch1,4,100,98,0.98,0.9299868370580063,0.9944981477650318,,,34.2076305455666,1.4214837037541076e-149
pooled,raw,batch1,5,100,100,1.0,0.9630051925239981,0.9999999999999999,1.0,1.0,28.721805563568406,2.3428793431392695e-156
pooled,raw,batch1,6,100,100,1.0,0.9630051925239981,0.9999999999999999,,,23.934837969640338,2.3428793431392695e-156
pooled,raw,batch1,7,100,100,1.0,0.9630051925239981,0.9999999999999999,,,20.51557540254886,2.3428793431392695e-156
pooled,raw,batch1,8,100,100,1.0,0.9630051925239981,0.9999999999999999,1.0,1.0,17.95112847723025,2.3428793431392695e-156
pooled,raw,batch1,9,100,100,1.0,0.9630051925239981,0.9999999999999999,,,15.956558646426892,2.3428793431392695e-156
pooled,raw,batch1,10,100,100,1.0,0.9630051925239981,0.9999999999999999,1.0,1.0,14.360902781784203,2.3428793431392695e-156
pooled,raw,batch1,11,100,100,1.0,0.9630051925239981,0.9999999999999999,,,13.055366165258366,2.3428793431392695e-156
pooled,raw,batch1,12,100,100,1.0,0.9630051925239981,0.9999999999999999,,,11.967418984820169,2.3428793431392695e-156
pooled,raw,batch1,13,100,100,1.0,0.9630051925239981,0.9999999999999999,,,11.046848293680155,2.3428793431392695e-156
pooled,raw,batch1,14,100,100,1.0,0.9630051925239981,0.9999999999999999,,,10.25778770127443,2.3428793431392695e-156
pooled,raw,batch1,15,100,100,1.0,0.9630051925239981,0.9999999999999999,1.0,1.0,9.573935187856135,2.3428793431392695e-156
pooled,raw,batch2,1,50,24,0.48,0.3479691239550571,0.6148848774119157,0.36,0.6,41.773674906548,2.682033104033746e-24
pooled,raw,batch2,2,50,40,0.8,0.6696262789551477,0.8875637005402612,,,47.52972643286051,4.367738425150971e-53
pooled,raw,batch2,3,50,45,0.9,0.7863950966521162,0.956524876008429,0.84,0.96,38.77778801998643,1.708625464659872e-64
pooled,raw,batch2,4,50,48,0.96,0.8653966212204534,0.9889613473391734,,,32.79487147001457,2.299606877806741e-72
pooled,raw,batch2,5,50,49,0.98,0.8950431352816304,0.9964608319110235,0.94,1.0,27.366104436453288,2.680162384808865e-75
pooled,raw,batch2,6,50,49,0.98,0.8950431352816304,0.9964608319110235,,,22.805087030377738,2.680162384808865e-75
pooled,raw,batch2,7,50,50,1.0,0.9286499658256813,1.0,,,20.51557540254886,1.530646707486502e-78
pooled,raw,batch2,8,50,50,1.0,0.9286499658256813,1.0,1.0,1.0,17.95112847723025,1.530646707486502e-78
pooled,raw,batch2,9,50,50,1.0,0.9286499658256813,1.0,,,15.956558646426892,1.530646707486502e-78
pooled,raw,batch2,10,50,50,1.0,0.9286499658256813,1.0,1.0,1.0,14.360902781784203,1.530646707486502e-78
pooled,raw,batch2,11,50,50,1.0,0.9286499658256813,1.0,,,13.055366165258366,1.530646707486502e-78
pooled,raw,batch2,12,50,50,1.0,0.9286499658256813,1.0,,,11.967418984820169,1.530646707486502e-78
pooled,raw,batch2,13,50,50,1.0,0.9286499658256813,1.0,,,11.046848293680155,1.530646707486502e-78
pooled,raw,batch2,14,50,50,1.0,0.9286499658256813,1.0,,,10.25778770127443,1.530646707486502e-78
pooled,raw,batch2,15,50,50,1.0,0.9286499658256813,1.0,1.0,1.0,9.573935187856135,1.530646707486502e-78
within,EA,all,1,150,81,0.54,0.46023676745464287,0.6177655414136997,0.4522931348033644,0.6310474082536056,50.418788189650066,7.349460690339687e-84
within,EA,all,2,150,129,0.86,0.7954465685598426,0.90657421125524,,,53.716480103155014,2.157059255200685e-176
within,EA,all,3,150,141,0.94,0.8899090795570952,0.9681163179946721,0.9039712855637513,0.9750156347717323,41.98817686362164,2.348689221966438e-206
within,EA,all,4,150,147,0.98,0.9428523341357583,0.9931753722843516,,,34.2076305455666,8.481419725539538e-224
within,EA,all,5,150,148,0.9866666666666667,0.9526921436197238,0.9963359476117768,0.9656294284364667,1.0,27.77431402670961,4.911057975896564e-227
within,EA,all,6,150,149,0.9933333333333333,0.9632062470660241,0.9988222289768665,,,23.509036209070423,1.8830719021777492e-230
within,EA,all,7,150,150,1.0,0.9750288608542812,1.0,,,20.51557540254886,3.586120552614262e-234
within,EA,all,8,150,150,1.0,0.9750288608542812,1.0,1.0,1.0,17.95112847723025,3.586120552614262e-234
within,EA,all,9,150,150,1.0,0.9750288608542812,1.0,,,15.956558646426892,3.586120552614262e-234
within,EA,all,10,150,150,1.0,0.9750288608542812,1.0,1.0,1.0,14.360902781784203,3.586120552614262e-234
within,EA,all,11,150,150,1.0,0.9750288608542812,1.0,,,13.055366165258366,3.586120552614262e-234
within,EA,all,12,150,150,1.0,0.9750288608542812,1.0,,,11.967418984820169,3.586120552614262e-234
within,EA,all,13,150,150,1.0,0.9750288608542812,1.0,,,11.046848293680155,3.586120552614262e-234
within,EA,all,14,150,150,1.0,0.9750288608542812,1.0,,,10.25778770127443,3.586120552614262e-234
within,EA,all,15,150,150,1.0,0.9750288608542812,1.0,1.0,1.0,9.573935187856135,3.586120552614262e-234
within,EA,batch1,1,100,54,0.54,0.44264685393523856,0.6343935614666815,0.4099139344262295,0.6739677266255338,50.418788189650066,1.8771098156248405e-56
within,EA,batch1,2,100,86,0.86,0.7786263961619276,0.914737342455351,,,53.716480103155014,4.3052373499395085e-118
within,EA,batch1,3,100,95,0.95,0.8882480347279118,0.9784566385436864,0.9058135784550879,0.9894736842105263,42.84318419888063,9.278113665242018e-141
within,EA,batch1,4,100,98,0.98,0.9299868370580063,0.9944981477650318,,,34.2076305455666,1.4214837037541076e-149
within,EA,batch1,5,100,100,1.0,0.9630051925239981,0.9999999999999999,1.0,1.0,28.721805563568406,2.3428793431392695e-156
within,EA,batch1,6,100,100,1.0,0.9630051925239981,0.9999999999999999,,,23.934837969640338,2.3428793431392695e-156
within,EA,batch1,7,100,100,1.0,0.9630051925239981,0.9999999999999999,,,20.51557540254886,2.3428793431392695e-156
within,EA,batch1,8,100,100,1.0,0.9630051925239981,0.9999999999999999,1.0,1.0,17.95112847723025,2.3428793431392695e-156
within,EA,batch1,9,100,100,1.0,0.9630051925239981,0.9999999999999999,,,15.956558646426892,2.3428793431392695e-156
within,EA,batch1,10,100,100,1.0,0.9630051925239981,0.9999999999999999,1.0,1.0,14.360902781784203,2.3428793431392695e-156
within,EA,batch1,11,100,100,1.0,0.9630051925239981,0.9999999999999999,,,13.055366165258366,2.3428793431392695e-156
within,EA,batch1,12,100,100,1.0,0.9630051925239981,0.9999999999999999,,,11.967418984820169,2.3428793431392695e-156
within,EA,batch1,13,100,100,1.0,0.9630051925239981,0.9999999999999999,,,11.046848293680155,2.3428793431392695e-156
within,EA,batch1,14,100,100,1.0,0.9630051925239981,0.9999999999999999,,,10.25778770127443,2.3428793431392695e-156
within,EA,batch1,15,100,100,1.0,0.9630051925239981,0.9999999999999999,1.0,1.0,9.573935187856135,2.3428793431392695e-156
within,EA,batch2,1,50,27,0.54,0.40398634328388083,0.6703056539821737,0.4,0.66,50.418788189650066,5.525005213964928e-29
within,EA,batch2,2,50,43,0.86,0.738135428014719,0.9304925473797714,,,53.716480103155014,9.881572004554043e-60
within,EA,batch2,3,50,46,0.92,0.8116149745493629,0.9684509967442093,0.84,0.98,40.346325647078174,5.30270801129185e-67
within,EA,batch2,4,50,49,0.98,0.8950431352816304,0.9964608319110235,,,34.2076305455666,2.680162384808865e-75
within,EA,batch2,5,50,48,0.96,0.8653966212204534,0.9889613473391734,0.9,1.0,26.23589717601166,2.299606877806741e-72
within,EA,batch2,6,50,49,0.98,0.8950431352816304,0.9964608319110235,,,22.805087030377738,2.680162384808865e-75
within,EA,batch2,7,50,50,1.0,0.9286499658256813,1.0,,,20.51557540254886,1.530646707486502e-78
within,EA,batch2,8,50,50,1.0,0.9286499658256813,1.0,1.0,1.0,17.95112847723025,1.530646707486502e-78
within,EA,batch2,9,50,50,1.0,0.9286499658256813,1.0,,,15.956558646426892,1.530646707486502e-78
within,EA,batch2,10,50,50,1.0,0.9286499658256813,1.0,1.0,1.0,14.360902781784203,1.530646707486502e-78
within,EA,batch2,11,50,50,1.0,0.9286499658256813,1.0,,,13.055366165258366,1.530646707486502e-78
within,EA,batch2,12,50,50,1.0,0.9286499658256813,1.0,,,11.967418984820169,1.530646707486502e-78
within,EA,batch2,13,50,50,1.0,0.9286499658256813,1.0,,,11.046848293680155,1.530646707486502e-78
within,EA,batch2,14,50,50,1.0,0.9286499658256813,1.0,,,10.25778770127443,1.530646707486502e-78
within,EA,batch2,15,50,50,1.0,0.9286499658256813,1.0,1.0,1.0,9.573935187856135,1.530646707486502e-78
within,raw,all,1,150,83,0.5533333333333333,0.4734297284995479,0.6305733499915755,0.4651152246992215,0.6396233013589129,52.41856167946621,4.130751242146554e-87
within,raw,all,2,150,126,0.84,0.772958942656478,0.8900606827244333,,,51.59625227903543,1.5982691209111155e-169
within,raw,all,3,150,141,0.94,0.8899090795570952,0.9681163179946721,0.9039712855637513,0.9730682024306185,41.98817686362164,2.348689221966438e-206
within,raw,all,4,150,148,0.9866666666666667,0.9526921436197238,0.9963359476117768,,,34.71789253338701,4.911057975896564e-227
within,raw,all,5,150,149,0.9933333333333333,0.9632062470660241,0.9988222289768665,0.975,1.0,28.210843450884507,1.8830719021777492e-230
within,raw,all,6,150,150,1.0,0.9750288608542812,1.0,,,23.934837969640338,3.586120552614262e-234
within,raw,all,7,150,150,1.0,0.9750288608542812,1.0,,,20.51557540254886,3.586120552614262e-234
within,raw,all,8,150,150,1.0,0.9750288608542812,1.0,1.0,1.0,17.95112847723025,3.586120552614262e-234
within,raw,all,9,150,149,0.9933333333333333,0.9632062470660241,0.9988222289768665,,,15.67269080604695,1.8830719021777492e-230
within,raw,all,10,150,150,1.0,0.9750288608542812,1.0,1.0,1.0,14.360902781784203,3.586120552614262e-234
within,raw,all,11,150,150,1.0,0.9750288608542812,1.0,,,13.055366165258366,3.586120552614262e-234
within,raw,all,12,150,150,1.0,0.9750288608542812,1.0,,,11.967418984820169,3.586120552614262e-234
within,raw,all,13,150,150,1.0,0.9750288608542812,1.0,,,11.046848293680155,3.586120552614262e-234
within,raw,all,14,150,150,1.0,0.9750288608542812,1.0,,,10.25778770127443,3.586120552614262e-234
within,raw,all,15,150,150,1.0,0.9750288608542812,1.0,1.0,1.0,9.573935187856135,3.586120552614262e-234
within,raw,batch1,1,100,58,0.58,0.4820630799889527,0.672017750814887,0.45778615794143745,0.6976726531320492,56.504784424771444,4.793782507338741e-63
within,raw,batch1,2,100,83,0.83,0.7445181876635703,0.8910652394022684,,,50.558918191909,2.7813434468834025e-111
within,raw,batch1,3,100,96,0.96,0.9016278276739262,0.984336949448152,0.9151702910137512,1.0,43.72649529335277,1.380243456035871e-143
within,raw,batch1,4,100,99,0.99,0.9455124752390653,0.9982326134344526,,,34.984993301228826,8.202420580330584e-153
within,raw,batch1,5,100,100,1.0,0.9630051925239981,0.9999999999999999,1.0,1.0,28.721805563568406,2.3428793431392695e-156
within,raw,batch1,6,100,100,1.0,0.9630051925239981,0.9999999999999999,,,23.934837969640338,2.3428793431392695e-156
within,raw,batch1,7,100,100,1.0,0.9630051925239981,0.9999999999999999,,,20.51557540254886,2.3428793431392695e-156
within,raw,batch1,8,100,100,1.0,0.9630051925239981,0.9999999999999999,1.0,1.0,17.95112847723025,2.3428793431392695e-156
within,raw,batch1,9,100,100,1.0,0.9630051925239981,0.9999999999999999,,,15.956558646426892,2.3428793431392695e-156
within,raw,batch1,10,100,100,1.0,0.9630051925239981,0.9999999999999999,1.0,1.0,14.360902781784203,2.3428793431392695e-156
within,raw,batch1,11,100,100,1.0,0.9630051925239981,0.9999999999999999,,,13.055366165258366,2.3428793431392695e-156
within,raw,batch1,12,100,100,1.0,0.9630051925239981,0.9999999999999999,,,11.967418984820169,2.3428793431392695e-156
within,raw,batch1,13,100,100,1.0,0.9630051925239981,0.9999999999999999,,,11.046848293680155,2.3428793431392695e-156
within,raw,batch1,14,100,100,1.0,0.9630051925239981,0.9999999999999999,,,10.25778770127443,2.3428793431392695e-156
within,raw,batch1,15,100,100,1.0,0.9630051925239981,0.9999999999999999,1.0,1.0,9.573935187856135,2.3428793431392695e-156
within,raw,batch2,1,50,25,0.5,0.36644286412332855,0.6335571358766714,0.36,0.64,44.5912081380508,7.951181828638558e-26
within,raw,batch2,2,50,43,0.86,0.738135428014719,0.9304925473797714,,,53.716480103155014,9.881572004554043e-60
within,raw,batch2,3,50,45,0.9,0.7863950966521162,0.956524876008429,0.84,0.96,38.77778801998643,1.708625464659872e-64
within,raw,batch2,4,50,49,0.98,0.8950431352816304,0.9964608319110235,,,34.2076305455666,2.680162384808865e-75
within,raw,batch2,5,50,49,0.98,0.8950431352816304,0.9964608319110235,0.94,1.0,27.366104436453288,2.680162384808865e-75
within,raw,batch2,6,50,50,1.0,0.9286499658256813,1.0,,,23.934837969640338,1.530646707486502e-78
within,raw,batch2,7,50,50,1.0,0.9286499658256813,1.0,,,20.51557540254886,1.530646707486502e-78
within,raw,batch2,8,50,50,1.0,0.9286499658256813,1.0,1.0,1.0,17.95112847723025,1.530646707486502e-78
within,raw,batch2,9,50,49,0.98,0.8950431352816304,0.9964608319110235,,,15.20339135358516,2.680162384808865e-75
within,raw,batch2,10,50,50,1.0,0.9286499658256813,1.0,1.0,1.0,14.360902781784203,1.530646707486502e-78
within,raw,batch2,11,50,50,1.0,0.9286499658256813,1.0,,,13.055366165258366,1.530646707486502e-78
within,raw,batch2,12,50,50,1.0,0.9286499658256813,1.0,,,11.967418984820169,1.530646707486502e-78
within,raw,batch2,13,50,50,1.0,0.9286499658256813,1.0,,,11.046848293680155,1.530646707486502e-78
within,raw,batch2,14,50,50,1.0,0.9286499658256813,1.0,,,10.25778770127443,1.530646707486502e-78
within,raw,batch2,15,50,50,1.0,0.9286499658256813,1.0,1.0,1.0,9.573935187856135,1.530646707486502e-78
