session,batch,auc
batch1/session_005,batch1,0.9005498602050327
batch1/session_006,batch1,0.9107594058031376
batch1/session_007,batch1,0.8901793907551684
batch1/session_008,batch1,0.9498004716125521
batch1/session_009,batch1,0.9058956916099773
batch1/session_010,batch1,0.9804432855280313
batch1/session_011,batch1,0.9893668148504144
batch1/session_012,batch1,0.9695945945945945
batch1/session_013,batch1,0.9680896251460125
batch1/session_014,batch1,0.9777027027027028
batch1/session_015,batch1,0.5615288220551379
batch1/session_016,batch1,0.9421234623887536
batch1/session_017,batch1,0.9683389074693423
batch1/session_018,batch1,0.9742222222222222
batch1/session_019,batch1,0.9523163841807909
batch1/session_020,batch1,0.39054470709146966
batch2/session_001,batch2,0.8967561521252796
batch2/session_002,batch2,0.908
batch2/session_003,batch2,0.9617056856187292
batch2/session_004,batch2,0.9205084745762712
batch2/session_005,batch2,0.9576062639821029
batch2/session_006,batch2,0.9780901722391084
batch2/session_007,batch2,0.887123745819398
batch2/session_008,batch2,0.9579710144927536
batch2/session_009,batch2,0.9228699038021073
batch2/session_010,batch2,0.823036398467433
