session,batch,char_idx,t_row,t_col,order,n_chars,c1,e1,c2,e2,c3,e3,c4,e4,c5,e5,c6,e6,c7,e7,c8,e8,c9,e9,c10,e10,c11,e11,c12,e12,c13,e13,c14,e14,c15,e15
batch1/session_005,batch1,5,0,5,5,10,0,both,0,both,1,ok,1,ok,1,ok,1,ok,1,ok,1,ok,1,ok,1,ok,1,ok,1,ok,1,ok,1,ok,1,ok
batch1/session_005,batch1,6,2,2,5,10,1,ok,1,ok,1,ok,1,ok,1,ok,1,ok,1,ok,1,ok,1,ok,1,ok,1,ok,1,ok,1,ok,1,ok,1,ok
batch1/session_005,batch1,7,0,2,5,10,0,row,1,ok,1,ok,1,ok,1,ok,1,ok,1,ok,1,ok,1,ok,1,ok,1,ok,1,ok,1,ok,1,ok,1,ok
batch1/session_005,batch1,8,3,2,5,10,0,col,0,col,1,ok,1,ok,1,ok,1,ok,1,ok,1,ok,1,ok,1,ok,1,ok,1,ok,1,ok,1,ok,1,ok
batch1/session_005,batch1,9,3,0,5,10,0,both,1,ok,1,ok,1,ok,1,ok,1,ok,1,ok,1,ok,1,ok,1,ok,1,ok,1,ok,1,ok,1,ok,1,ok
batch1/session_006,batch1,5,4,0,6,10,0,col,0,col,1,ok,1,ok,1,ok,1,ok,1,ok,1,ok,1,ok,1,ok,1,ok,1,ok,1,ok,1,ok,1,ok
batch1/session_006,batch1,6,5,5,6,10,0,row,1,ok,1,ok,1,ok,1,ok,1,ok,1,ok,1,ok,1,ok,1,ok,1,ok,1,ok,1,ok,1,ok,1,ok
batch1/session_006,batch1,7,0,3,6,10,0,row,1,ok,1,ok,1,ok,1,ok,1,ok,1,ok,1,ok,1,ok,1,ok,1,ok,1,ok,1,ok,1,ok,1,ok
batch1/session_006,batch1,8,0,0,6,10,0,col,1,ok,1,ok,1,ok,1,ok,1,ok,1,ok,1,ok,1,ok,1,ok,1,ok,1,ok,1,ok,1,ok,1,ok
batch1/session_006,batch1,9,4,0,6,10,1,ok,1,ok,1,ok,1,ok,1,ok,1,ok,1,ok,1,ok,1,ok,1,ok,1,ok,1,ok,1,ok,1,ok,1,ok
batch1/session_007,batch1,5,3,4,7,10,1,ok,1,ok,1,ok,1,ok,1,ok,1,ok,1,ok,1,ok,1,ok,1,ok,1,ok,1,ok,1,ok,1,ok,1,ok
batch1/session_007,batch1,6,0,0,7,10,1,ok,1,ok,1,ok,1,ok,1,ok,1,ok,1,ok,1,ok,1,ok,1,ok,1,ok,1,ok,1,ok,1,ok,1,ok
batch1/session_007,batch1,7,3,1,7,10,0,row,1,ok,1,ok,1,ok,1,ok,1,ok,1,ok,1,ok,1,ok,1,ok,1,ok,1,ok,1,ok,1,ok,1,ok
batch1/session_007,batch1,8,0,4,7,10,0,col,1,ok,1,ok,1,ok,1,ok,1,ok,1,ok,1,ok,1,ok,1,ok,1,ok,1,ok,1,ok,1,ok,1,ok
batch1/session_007,batch1,9,2,5,7,10,0,row,0,row,0,row,0,row,1,ok,1,ok,1,ok,1,ok,1,ok,1,ok,1,ok,1,ok,1,ok,1,ok,1,ok
batch1/session_008,batch1,6,1,2,8,11,1,ok,1,ok,1,ok,1,ok,1,ok,1,ok,1,ok,1,ok,1,ok,1,ok,1,ok,1,ok,1,ok,1,ok,1,ok
batch1/session_008,batch1,7,2,1,8,11,1,ok,1,ok,1,ok,1,ok,1,ok,1,ok,1,ok,1,ok,1,ok,1,ok,1,ok,1,ok,1,ok,1,ok,1,ok
batch1/session_008,batch1,8,0,3,8,11,0,row,0,row,1,ok,1,ok,1,ok,1,ok,1,ok,1,ok,1,ok,1,ok,1,ok,1,ok,1,ok,1,ok,1,ok
batch1/session_008,batch1,9,2,2,8,11,0,row,1,ok,1,ok,1,ok,1,ok,1,ok,1,ok,1,ok,1,ok,1,ok,1,ok,1,ok,1,ok,1,ok,1,ok
batch1/session_008,batch1,10,3,4,8,11,1,ok,1,ok,1,ok,1,ok,1,ok,1,ok,1,ok,1,ok,1,ok,1,ok,1,ok,1,ok,1,ok,1,ok,1,ok
batch1/session_009,batch1,3,0,4,9,5,1,ok,1,ok,1,ok,1,ok,1,ok,1,ok,1,ok,1,ok,1,ok,1,ok,1,ok,1,ok,1,ok,1,ok,1,ok
batch1/session_009,batch1,4,2,5,9,5,1,ok,1,ok,1,ok,1,ok,1,ok,1,ok,1,ok,1,ok,1,ok,1,ok,1,ok,1,ok,1,ok,1,ok,1,ok
batch1/session_010,batch1,3,3,1,10,5,1,ok,1,ok,1,ok,1,ok,1,ok,1,ok,1,ok,1,ok,1,ok,1,ok,1,ok,1,ok,1,ok,1,ok,1,ok
batch1/session_010,batch1,4,1,1,10,5,1,ok,1,ok,1,ok,1,ok,1,ok,1,ok,1,ok,1,ok,1,ok,1,ok,1,ok,1,ok,1,ok,1,ok,1,ok
batch1/session_011,batch1,3,2,1,11,5,1,ok,1,ok,1,ok,1,ok,1,ok,1,ok,1,ok,1,ok,1,ok,1,ok,1,ok,1,ok,1,ok,1,ok,1,ok
batch1/session_011,batch1,4,0,3,11,5,1,ok,1,ok,1,ok,1,ok,1,ok,1,ok,1,ok,1,ok,1,ok,1,ok,1,ok,1,ok,1,ok,1,ok,1,ok
batch1/session_012,batch1,3,2,3,12,5,1,ok,1,ok,1,ok,1,ok,1,ok,1,ok,1,ok,1,ok,1,ok,1,ok,1,ok,1,ok,1,ok,1,ok,1,ok
batch1/session_012,batch1,4,3,1,12,5,1,ok,1,ok,1,ok,1,ok,1,ok,1,ok,1,ok,1,ok,1,ok,1,ok,1,ok,1,ok,1,ok,1,ok,1,ok
batch1/session_013,batch1,3,1,0,13,6,1,ok,1,ok,1,ok,1,ok,1,ok,1,ok,1,ok,1,ok,1,ok,1,ok,1,ok,1,ok,1,ok,1,ok,1,ok
batch1/session_013,batch1,4,2,5,13,6,1,ok,1,ok,1,ok,1,ok,1,ok,1,ok,1,ok,1,ok,1,ok,1,ok,1,ok,1,ok,1,ok,1,ok,1,ok
batch1/session_013,batch1,5,4,0,13,6,0,row,1,ok,1,ok,1,ok,1,ok,1,ok,1,ok,1,ok,1,ok,1,ok,1,ok,1,ok,1,ok,1,ok,1,ok
batch1/session_014,batch1,3,2,3,14,5,1,ok,1,ok,1,ok,1,ok,1,ok,1,ok,1,ok,1,ok,1,ok,1,ok,1,ok,1,ok,1,ok,1,ok,1,ok
batch1/session_014,batch1,4,4,0,14,5,0,col,0,col,1,ok,1,ok,1,ok,1,ok,1,ok,1,ok,1,ok,1,ok,1,ok,1,ok,1,ok,1,ok,1,ok
batch1/session_015,batch1,3,0,2,15,5,0,both,0,both,0,col,0,col,0,col,0,col,0,col,0,col,0,col,0,col,0,col,0,col,0,col,0,col,0,col
batch1/session_015,batch1,4,1,1,15,5,0,both,0,both,0,col,0,col,0,both,0,both,0,both,0,both,0,both,0,both,0,both,0,both,0,both,0,both,0,both
batch1/session_016,batch1,3,1,2,16,5,0,row,1,ok,1,ok,1,ok,1,ok,1,ok,1,ok,1,ok,1,ok,1,ok,1,ok,1,ok,1,ok,1,ok,1,ok
batch1/session_016,batch1,4,0,2,16,5,0,col,0,col,1,ok,1,ok,1,ok,1,ok,1,ok,1,ok,1,ok,1,ok,1,ok,1,ok,1,ok,1,ok,1,ok
batch1/session_017,batch1,3,3,0,17,5,1,ok,1,ok,1,ok,1,ok,1,ok,1,ok,1,ok,1,ok,1,ok,1,ok,1,ok,1,ok,1,ok,1,ok,1,ok
batch1/session_017,batch1,4,0,4,17,5,0,row,1,ok,1,ok,1,ok,1,ok,1,ok,1,ok,1,ok,1,ok,1,ok,1,ok,1,ok,1,ok,1,ok,1,ok
batch1/session_018,batch1,3,0,3,18,5,1,ok,1,ok,1,ok,1,ok,1,ok,1,ok,1,ok,1,ok,1,ok,1,ok,1,ok,1,ok,1,ok,1,ok,1,ok
batch1/session_018,batch1,4,4,0,18,5,0,row,1,ok,1,ok,1,ok,1,ok,1,ok,1,ok,1,ok,1,ok,1,ok,1,ok,1,ok,1,ok,1,ok,1,ok
batch1/session_019,batch1,2,0,2,19,4,1,ok,1,ok,1,ok,1,ok,1,ok,1,ok,1,ok,1,ok,1,ok,1,ok,1,ok,1,ok,1,ok,1,ok,1,ok
batch1/session_019,batch1,3,0,4,19,4,1,ok,1,ok,1,ok,1,ok,1,ok,1,ok,1,ok,1,ok,1,ok,1,ok,1,ok,1,ok,1,ok,1,ok,1,ok
batch1/session_020,batch1,2,0,2,20,4,0,both,0,both,0,both,0,both,0,both,0,both,0,both,0,both,0,both,0,both,0,both,0,both,0,both,0,both,0,both
batch1/session_020,batch1,3,0,4,20,4,0,both,0,both,0,both,0,both,0,both,0,both,0,both,0,both,0,both,0,both,0,both,0,both,0,both,0,both,0,both
batch2/session_001,batch2,3,3,0,1,5,0,row,1,ok,1,ok,1,ok,1,ok,1,ok,1,ok,1,ok,1,ok,1,ok,1,ok,1,ok,1,ok,1,ok,1,ok
batch2/session_001,batch2,4,0,4,1,5,0,col,0,col,1,ok,1,ok,1,ok,1,ok,1,ok,1,ok,1,ok,1,ok,1,ok,1,ok,1,ok,1,ok,1,ok
batch2/session_002,batch2,3,2,1,2,5,1,ok,1,ok,1,ok,1,ok,1,ok,1,ok,1,ok,1,ok,1,ok,1,ok,1,ok,1,ok,1,ok,1,ok,1,ok
batch2/session_002,batch2,4,3,1,2,5,0,row,1,ok,1,ok,1,ok,1,ok,1,ok,1,ok,1,ok,1,ok,1,ok,1,ok,1,ok,1,ok,1,ok,1,ok
batch2/session_003,batch2,3,0,2,3,5,1,ok,1,ok,1,ok,1,ok,1,ok,1,ok,1,ok,1,ok,1,ok,1,ok,1,ok,1,ok,1,ok,1,ok,1,ok
batch2/session_003,batch2,4,1,4,3,5,0,col,1,ok,1,ok,1,ok,1,ok,1,ok,1,ok,1,ok,1,ok,1,ok,1,ok,1,ok,1,ok,1,ok,1,ok
batch2/session_004,batch2,3,2,5,4,5,1,ok,1,ok,1,ok,1,ok,1,ok,1,ok,1,ok,1,ok,1,ok,1,ok,1,ok,1,ok,1,ok,1,ok,1,ok
batch2/session_004,batch2,4,0,0,4,5,0,both,0,both,0,row,1,ok,1,ok,1,ok,1,ok,1,ok,1,ok,1,ok,1,ok,1,ok,1,ok,1,ok,1,ok
batch2/session_005,batch2,3,2,3,5,5,0,row,1,ok,1,ok,1,ok,1,ok,1,ok,1,ok,1,ok,1,ok,1,ok,1,ok,1,ok,1,ok,1,ok,1,ok
batch2/session_005,batch2,4,4,0,5,5,1,ok,1,ok,1,ok,1,ok,1,ok,1,ok,1,ok,1,ok,1,ok,1,ok,1,ok,1,ok,1,ok,1,ok,1,ok
batch2/session_006,batch2,3,1,2,6,5,0,col,1,ok,1,ok,1,ok,1,ok,1,ok,1,ok,1,ok,1,ok,1,ok,1,ok,1,ok,1,ok,1,ok,1,ok
batch2/session_006,batch2,4,0,3,6,5,1,ok,1,ok,1,ok,1,ok,1,ok,1,ok,1,ok,1,ok,1,ok,1,ok,1,ok,1,ok,1,ok,1,ok,1,ok
batch2/session_007,batch2,3,0,4,7,5,1,ok,1,ok,1,ok,1,ok,1,ok,1,ok,1,ok,1,ok,1,ok,1,ok,1,ok,1,ok,1,ok,1,ok,1,ok
batch2/session_007,batch2,4,2,5,7,5,0,col,0,col,1,ok,1,ok,1,ok,1,ok,1,ok,1,ok,1,ok,1,ok,1,ok,1,ok,1,ok,1,ok,1,ok
batch2/session_008,batch2,3,3,1,8,5,1,ok,1,ok,1,ok,1,ok,1,ok,1,ok,1,ok,1,ok,1,ok,1,ok,1,ok,1,ok,1,ok,1,ok,1,ok
batch2/session_008,batch2,4,1,1,8,5,1,ok,1,ok,1,ok,1,ok,1,ok,1,ok,1,ok,1,ok,1,ok,1,ok,1,ok,1,ok,1,ok,1,ok,1,ok
batch2/session_009,batch2,3,0,5,9,5,1,ok,1,ok,1,ok,1,ok,1,ok,1,ok,1,ok,1,ok,1,ok,1,ok,1,ok,1,ok,1,ok,1,ok,1,ok
batch2/session_009,batch2,4,0,4,9,5,0,col,0,col,1,ok,1,ok,1,ok,1,ok,1,ok,1,ok,1,ok,1,ok,1,ok,1,ok,1,ok,1,ok,1,ok
batch2/session_010,batch2,3,3,3,10,5,0,both,0,col,1,ok,0,col,1,ok,1,ok,1,ok,1,ok,1,ok,1,ok,1,ok,1,ok,1,ok,1,ok,1,ok
batch2/session_010,batch2,4,0,4,10,5,0,col,0,col,0,col,1,ok,1,ok,1,ok,1,ok,1,ok,1,ok,1,ok,1,ok,1,ok,1,ok,1,ok,1,ok
