session,batch,char_idx,true_symbol,target_row_1based,target_col_1based,n_retained_flashes,first_correct_cumulative_repetition,prediction_r1,prediction_r2,prediction_r3,prediction_r4,prediction_r5,prediction_r6,prediction_r7,prediction_r8,prediction_r9,prediction_r10,prediction_r11,prediction_r12,prediction_r13,prediction_r14,prediction_r15,correct_r1,correct_r2,correct_r3,correct_r4,correct_r5,correct_r6,correct_r7,correct_r8,correct_r9,correct_r10,correct_r11,correct_r12,correct_r13,correct_r14,correct_r15
batch1/session_005,batch1,0,G,2,1,172,5,1,I,L,I,G,G,G,G,G,G,G,G,G,G,G,0,0,0,0,1,1,1,1,1,1,1,1,1,1,1
batch1/session_005,batch1,1,O,3,3,180,2,P,O,O,O,O,O,O,O,O,O,O,O,O,O,O,0,1,1,1,1,1,1,1,1,1,1,1,1,1,1
batch1/session_005,batch1,2,O,3,3,180,3,7,7,O,O,O,O,O,O,O,O,O,O,O,O,O,0,0,1,1,1,1,1,1,1,1,1,1,1,1,1
batch1/session_005,batch1,3,D,1,4,180,1,D,D,D,D,D,D,D,D,D,D,D,D,D,D,D,1,1,1,1,1,1,1,1,1,1,1,1,1,1,1
batch1/session_005,batch1,4,_,6,6,180,2,R,_,_,_,_,_,_,_,_,_,_,_,_,_,_,0,1,1,1,1,1,1,1,1,1,1,1,1,1,1
batch1/session_005,batch1,5,F,1,6,173,3,K,V,F,F,F,F,F,F,F,F,F,F,F,F,F,0,0,1,1,1,1,1,1,1,1,1,1,1,1,1
batch1/session_005,batch1,6,O,3,3,178,1,O,O,O,O,O,O,O,O,O,O,O,O,O,O,O,1,1,1,1,1,1,1,1,1,1,1,1,1,1,1
batch1/session_005,batch1,7,C,1,3,179,2,7,C,C,C,C,C,C,C,C,C,C,C,C,C,C,0,1,1,1,1,1,1,1,1,1,1,1,1,1,1
batch1/session_005,batch1,8,U,4,3,176,3,T,T,U,U,U,U,U,U,U,U,U,U,U,U,U,0,0,1,1,1,1,1,1,1,1,1,1,1,1,1
batch1/session_005,batch1,9,S,4,1,179,2,K,S,S,S,S,S,S,S,S,S,S,S,S,S,S,0,1,1,1,1,1,1,1,1,1,1,1,1,1,1
batch1/session_006,batch1,0,L,2,6,168,5,Q,F,R,R,L,L,L,L,L,L,L,L,L,L,L,0,0,0,0,1,1,1,1,1,1,1,1,1,1,1
batch1/session_006,batch1,1,O,3,3,180,2,P,O,O,O,O,O,O,O,O,O,O,O,O,O,O,0,1,1,1,1,1,1,1,1,1,1,1,1,1,1
batch1/session_006,batch1,2,V,4,4,180,1,V,V,V,V,V,V,V,V,V,V,V,V,V,V,V,1,1,1,1,1,1,1,1,1,1,1,1,1,1,1
batch1/session_006,batch1,3,E,1,5,178,2,K,E,E,E,E,E,E,E,E,E,E,E,E,E,E,0,1,1,1,1,1,1,1,1,1,1,1,1,1,1
batch1/session_006,batch1,4,L,2,6,180,1,L,L,L,L,L,L,L,L,L,L,L,L,L,L,L,1,1,1,1,1,1,1,1,1,1,1,1,1,1,1
batch1/session_006,batch1,5,Y,5,1,176,3,1,1,Y,Y,Y,Y,Y,Y,Y,Y,Y,Y,Y,Y,Y,0,0,1,1,1,1,1,1,1,1,1,1,1,1,1
batch1/session_006,batch1,6,_,6,6,180,2,X,_,_,_,_,_,_,_,_,_,_,_,_,_,_,0,1,1,1,1,1,1,1,1,1,1,1,1,1,1
batch1/session_006,batch1,7,D,1,4,173,2,J,D,D,D,D,D,D,D,D,D,D,D,D,D,D,0,1,1,1,1,1,1,1,1,1,1,1,1,1,1
batch1/session_006,batch1,8,A,1,1,173,2,B,A,A,A,A,A,A,A,A,A,A,A,A,A,A,0,1,1,1,1,1,1,1,1,1,1,1,1,1,1
batch1/session_006,batch1,9,Y,5,1,180,1,Y,Y,Y,Y,Y,Y,Y,Y,Y,Y,Y,Y,Y,Y,Y,1,1,1,1,1,1,1,1,1,1,1,1,1,1,1
batch1/session_007,batch1,0,N,3,2,178,3,T,T,N,N,N,N,N,N,N,N,N,N,N,N,N,0,0,1,1,1,1,1,1,1,1,1,1,1,1,1
batch1/session_007,batch1,1,E,1,5,174,1,E,E,E,E,E,E,E,E,E,E,E,E,E,E,E,1,1,1,1,1,1,1,1,1,1,1,1,1,1,1
batch1/session_007,batch1,2,E,1,5,179,3,D,D,E,E,E,E,E,E,E,E,E,E,E,E,E,0,0,1,1,1,1,1,1,1,1,1,1,1,1,1
batch1/session_007,batch1,3,D,1,4,174,1,D,D,D,D,D,D,D,D,D,D,D,D,D,D,D,1,1,1,1,1,1,1,1,1,1,1,1,1,1,1
batch1/session_007,batch1,4,_,6,6,179,3,3,9,_,_,_,_,_,_,_,_,_,_,_,_,_,0,0,1,1,1,1,1,1,1,1,1,1,1,1,1
batch1/session_007,batch1,5,W,4,5,180,1,W,W,W,W,W,W,W,W,W,W,W,W,W,W,W,1,1,1,1,1,1,1,1,1,1,1,1,1,1,1
batch1/session_007,batch1,6,A,1,1,180,1,A,A,A,A,A,A,A,A,A,A,A,A,A,A,A,1,1,1,1,1,1,1,1,1,1,1,1,1,1,1
batch1/session_007,batch1,7,T,4,2,177,1,T,T,T,T,T,T,T,T,T,T,T,T,T,T,T,1,1,1,1,1,1,1,1,1,1,1,1,1,1,1
batch1/session_007,batch1,8,E,1,5,180,1,E,K,E,E,E,E,E,E,E,E,E,E,E,E,E,1,0,1,1,1,1,1,1,1,1,1,1,1,1,1
batch1/session_007,batch1,9,R,3,6,178,3,L,L,R,R,R,R,R,R,R,R,R,R,R,R,R,0,0,1,1,1,1,1,1,1,1,1,1,1,1,1
batch1/session_008,batch1,0,O,3,3,178,1,O,O,O,O,O,O,O,O,O,O,O,O,O,O,O,1,1,1,1,1,1,1,1,1,1,1,1,1,1,1
batch1/session_008,batch1,1,P,3,4,175,1,P,P,P,P,P,P,P,P,P,P,P,P,P,P,P,1,1,1,1,1,1,1,1,1,1,1,1,1,1,1
batch1/session_008,batch1,2,E,1,5,173,2,9,E,E,E,E,E,E,E,E,E,E,E,E,E,E,0,1,1,1,1,1,1,1,1,1,1,1,1,1,1
batch1/session_008,batch1,3,N,3,2,176,1,N,N,N,N,N,N,N,N,N,N,N,N,N,N,N,1,1,1,1,1,1,1,1,1,1,1,1,1,1,1
batch1/session_008,batch1,4,_,6,6,175,2,8,_,_,_,_,_,_,_,_,_,_,_,_,_,_,0,1,1,1,1,1,1,1,1,1,1,1,1,1,1
batch1/session_008,batch1,5,W,4,5,178,1,W,W,W,W,W,W,W,W,W,W,W,W,W,W,W,1,1,1,1,1,1,1,1,1,1,1,1,1,1,1
batch1/session_008,batch1,6,I,2,3,175,1,I,I,I,I,I,I,I,I,I,I,I,I,I,I,I,1,1,1,1,1,1,1,1,1,1,1,1,1,1,1
batch1/session_008,batch1,7,N,3,2,180,1,N,N,N,N,N,N,N,N,N,N,N,N,N,N,N,1,1,1,1,1,1,1,1,1,1,1,1,1,1,1
batch1/session_008,batch1,8,D,1,4,180,3,J,J,D,D,D,D,D,D,D,D,D,D,D,D,D,0,0,1,1,1,1,1,1,1,1,1,1,1,1,1
batch1/session_008,batch1,9,O,3,3,179,2,U,O,O,O,O,O,O,O,O,O,O,O,O,O,O,0,1,1,1,1,1,1,1,1,1,1,1,1,1,1
batch1/session_008,batch1,10,W,4,5,179,1,W,W,W,W,W,W,W,W,W,W,W,W,W,W,W,1,1,1,1,1,1,1,1,1,1,1,1,1,1,1
batch1/session_009,batch1,0,W,4,5,180,1,W,W,W,W,W,W,W,W,W,W,W,W,W,W,W,1,1,1,1,1,1,1,1,1,1,1,1,1,1,1
batch1/session_009,batch1,1,A,1,1,180,1,A,A,A,A,A,A,A,A,A,A,A,A,A,A,A,1,1,1,1,1,1,1,1,1,1,1,1,1,1,1
batch1/session_009,batch1,2,T,4,2,179,2,B,T,T,T,T,T,T,T,T,T,T,T,T,T,T,0,1,1,1,1,1,1,1,1,1,1,1,1,1,1
batch1/session_009,batch1,3,E,1,5,180,2,5,E,E,E,E,E,E,E,E,E,E,E,E,E,E,0,1,1,1,1,1,1,1,1,1,1,1,1,1,1
batch1/session_009,batch1,4,R,3,6,174,1,R,R,R,R,R,R,R,R,R,R,R,R,R,R,R,1,1,1,1,1,1,1,1,1,1,1,1,1,1,1
batch1/session_010,batch1,0,C,1,3,164,1,C,C,C,C,C,C,C,C,C,C,C,C,C,C,C,1,1,1,1,1,1,1,1,1,1,1,1,1,1,1
batch1/session_010,batch1,1,L,2,6,179,1,L,L,L,L,L,L,L,L,L,L,L,L,L,L,L,1,1,1,1,1,1,1,1,1,1,1,1,1,1,1
batch1/session_010,batch1,2,O,3,3,177,1,O,O,O,O,O,O,O,O,O,O,O,O,O,O,O,1,1,1,1,1,1,1,1,1,1,1,1,1,1,1
batch1/session_010,batch1,3,T,4,2,180,1,T,T,T,T,T,T,T,T,T,T,T,T,T,T,T,1,1,1,1,1,1,1,1,1,1,1,1,1,1,1
batch1/session_010,batch1,4,H,2,2,178,1,H,H,H,H,H,H,H,H,H,H,H,H,H,H,H,1,1,1,1,1,1,1,1,1,1,1,1,1,1,1
batch1/session_011,batch1,0,S,4,1,177,1,S,S,S,S,S,S,S,S,S,S,S,S,S,S,S,1,1,1,1,1,1,1,1,1,1,1,1,1,1,1
batch1/session_011,batch1,1,T,4,2,177,1,T,T,T,T,T,T,T,T,T,T,T,T,T,T,T,1,1,1,1,1,1,1,1,1,1,1,1,1,1,1
batch1/session_011,batch1,2,A,1,1,176,1,A,A,A,A,A,A,A,A,A,A,A,A,A,A,A,1,1,1,1,1,1,1,1,1,1,1,1,1,1,1
batch1/session_011,batch1,3,N,3,2,170,1,N,N,N,N,N,N,N,N,N,N,N,N,N,N,N,1,1,1,1,1,1,1,1,1,1,1,1,1,1,1
batch1/session_011,batch1,4,D,1,4,175,1,D,D,D,D,D,D,D,D,D,D,D,D,D,D,D,1,1,1,1,1,1,1,1,1,1,1,1,1,1,1
batch1/session_012,batch1,0,S,4,1,178,1,S,S,S,S,S,S,S,S,S,S,S,S,S,S,S,1,1,1,1,1,1,1,1,1,1,1,1,1,1,1
batch1/session_012,batch1,1,L,2,6,175,1,L,L,L,L,L,L,L,L,L,L,L,L,L,L,L,1,1,1,1,1,1,1,1,1,1,1,1,1,1,1
batch1/session_012,batch1,2,E,1,5,177,1,E,E,E,E,E,E,E,E,E,E,E,E,E,E,E,1,1,1,1,1,1,1,1,1,1,1,1,1,1,1
batch1/session_012,batch1,3,P,3,4,179,1,P,P,P,P,P,P,P,P,P,P,P,P,P,P,P,1,1,1,1,1,1,1,1,1,1,1,1,1,1,1
batch1/session_012,batch1,4,T,4,2,177,1,T,T,T,T,T,T,T,T,T,T,T,T,T,T,T,1,1,1,1,1,1,1,1,1,1,1,1,1,1,1
batch1/session_013,batch1,0,H,2,2,180,1,H,H,H,H,H,H,H,H,H,H,H,H,H,H,H,1,1,1,1,1,1,1,1,1,1,1,1,1,1,1
batch1/session_013,batch1,1,U,4,3,179,1,U,U,U,U,U,U,U,U,U,U,U,U,U,U,U,1,1,1,1,1,1,1,1,1,1,1,1,1,1,1
batch1/session_013,batch1,2,N,3,2,178,1,N,N,N,N,N,N,N,N,N,N,N,N,N,N,N,1,1,1,1,1,1,1,1,1,1,1,1,1,1,1
batch1/session_013,batch1,3,G,2,1,174,1,G,G,G,G,G,G,G,G,G,G,G,G,G,G,G,1,1,1,1,1,1,1,1,1,1,1,1,1,1,1
batch1/session_013,batch1,4,R,3,6,175,1,R,R,R,R,R,R,R,R,R,R,R,R,R,R,R,1,1,1,1,1,1,1,1,1,1,1,1,1,1,1
batch1/session_013,batch1,5,Y,5,1,175,2,S,Y,Y,Y,Y,Y,Y,Y,Y,Y,Y,Y,Y,Y,Y,0,1,1,1,1,1,1,1,1,1,1,1,1,1,1
batch1/session_014,batch1,0,H,2,2,180,3,I,I,H,H,H,H,H,H,H,H,H,H,H,H,H,0,0,1,1,1,1,1,1,1,1,1,1,1,1,1
batch1/session_014,batch1,1,A,1,1,180,2,B,A,A,A,A,A,A,A,A,A,A,A,A,A,A,0,1,1,1,1,1,1,1,1,1,1,1,1,1,1
batch1/session_014,batch1,2,P,3,4,179,1,P,P,P,P,P,P,P,P,P,P,P,P,P,P,P,1,1,1,1,1,1,1,1,1,1,1,1,1,1,1
batch1/session_014,batch1,3,P,3,4,176,1,P,P,P,P,P,P,P,P,P,P,P,P,P,P,P,1,1,1,1,1,1,1,1,1,1,1,1,1,1,1
batch1/session_014,batch1,4,Y,5,1,180,3,4,Z,Y,Y,Y,Y,Y,Y,Y,Y,Y,Y,Y,Y,Y,0,0,1,1,1,1,1,1,1,1,1,1,1,1,1
batch1/session_015,batch1,0,P,3,4,172,1,P,P,P,P,P,P,P,P,P,P,P,P,P,P,P,1,1,1,1,1,1,1,1,1,1,1,1,1,1,1
batch1/session_015,batch1,1,E,1,5,177,2,D,E,E,E,E,E,E,E,E,E,E,E,E,E,E,0,1,1,1,1,1,1,1,1,1,1,1,1,1,1
batch1/session_015,batch1,2,A,1,1,175,1,A,B,A,A,A,A,A,A,A,A,A,A,A,A,A,1,0,1,1,1,1,1,1,1,1,1,1,1,1,1
batch1/session_015,batch1,3,C,1,3,171,1,C,C,C,C,C,C,C,C,C,C,C,C,C,C,C,1,1,1,1,1,1,1,1,1,1,1,1,1,1,1
batch1/session_015,batch1,4,H,2,2,167,1,H,H,H,H,H,H,H,H,H,H,H,H,H,H,H,1,1,1,1,1,1,1,1,1,1,1,1,1,1,1
batch1/session_016,batch1,0,M,3,1,173,1,M,M,M,M,M,M,M,M,M,M,M,M,M,M,M,1,1,1,1,1,1,1,1,1,1,1,1,1,1,1
batch1/session_016,batch1,1,U,4,3,168,2,X,U,U,U,U,U,U,U,U,U,U,U,U,U,U,0,1,1,1,1,1,1,1,1,1,1,1,1,1,1
batch1/session_016,batch1,2,S,4,1,179,1,S,S,S,S,S,S,S,S,S,S,S,S,S,S,S,1,1,1,1,1,1,1,1,1,1,1,1,1,1,1
batch1/session_016,batch1,3,I,2,3,177,1,I,I,I,I,I,I,I,I,I,I,I,I,I,I,I,1,1,1,1,1,1,1,1,1,1,1,1,1,1,1
batch1/session_016,batch1,4,C,1,3,180,3,F,F,C,C,C,C,C,C,C,C,C,C,C,C,C,0,0,1,1,1,1,1,1,1,1,1,1,1,1,1
batch1/session_017,batch1,0,W,4,5,178,1,W,W,W,W,W,W,W,W,W,W,W,W,W,W,W,1,1,1,1,1,1,1,1,1,1,1,1,1,1,1
batch1/session_017,batch1,1,O,3,3,180,2,I,O,O,O,O,O,O,O,O,O,O,O,O,O,O,0,1,1,1,1,1,1,1,1,1,1,1,1,1,1
batch1/session_017,batch1,2,R,3,6,172,1,R,R,R,R,R,R,R,R,R,R,R,R,R,R,R,1,1,1,1,1,1,1,1,1,1,1,1,1,1,1
batch1/session_017,batch1,3,S,4,1,180,1,S,S,S,S,S,S,S,S,S,S,S,S,S,S,S,1,1,1,1,1,1,1,1,1,1,1,1,1,1,1
batch1/session_017,batch1,4,E,1,5,179,2,K,E,E,E,E,E,E,E,E,E,E,E,E,E,E,0,1,1,1,1,1,1,1,1,1,1,1,1,1,1
batch1/session_018,batch1,0,C,1,3,180,1,C,C,C,C,C,C,C,C,C,C,C,C,C,C,C,1,1,1,1,1,1,1,1,1,1,1,1,1,1,1
batch1/session_018,batch1,1,A,1,1,174,2,G,A,A,A,A,A,A,A,A,A,A,A,A,A,A,0,1,1,1,1,1,1,1,1,1,1,1,1,1,1
batch1/session_018,batch1,2,N,3,2,180,1,N,N,N,N,N,N,N,N,N,N,N,N,N,N,N,1,1,1,1,1,1,1,1,1,1,1,1,1,1,1
batch1/session_018,batch1,3,D,1,4,180,1,D,D,D,D,D,D,D,D,D,D,D,D,D,D,D,1,1,1,1,1,1,1,1,1,1,1,1,1,1,1
batch1/session_018,batch1,4,Y,5,1,180,2,M,Y,Y,Y,Y,Y,Y,Y,Y,Y,Y,Y,Y,Y,Y,0,1,1,1,1,1,1,1,1,1,1,1,1,1,1
batch1/session_019,batch1,0,R,3,6,180,2,4,R,R,R,R,R,R,R,R,R,R,R,R,R,R,0,1,1,1,1,1,1,1,1,1,1,1,1,1,1
batch1/session_019,batch1,1,I,2,3,180,2,U,I,I,I,I,I,I,I,I,I,I,I,I,I,I,0,1,1,1,1,1,1,1,1,1,1,1,1,1,1
batch1/session_019,batch1,2,C,1,3,179,1,C,C,C,C,C,C,C,C,C,C,C,C,C,C,C,1,1,1,1,1,1,1,1,1,1,1,1,1,1,1
batch1/session_019,batch1,3,E,1,5,180,1,E,E,E,E,E,E,E,E,E,E,E,E,E,E,E,1,1,1,1,1,1,1,1,1,1,1,1,1,1,1
batch1/session_020,batch1,0,N,3,2,180,2,R,N,N,N,N,N,N,N,N,N,N,N,N,N,N,0,1,1,1,1,1,1,1,1,1,1,1,1,1,1
batch1/session_020,batch1,1,I,2,3,180,2,G,I,I,I,I,I,I,I,I,I,I,I,I,I,I,0,1,1,1,1,1,1,1,1,1,1,1,1,1,1
batch1/session_020,batch1,2,C,1,3,180,2,B,C,C,C,C,C,C,C,C,C,C,C,C,C,C,0,1,1,1,1,1,1,1,1,1,1,1,1,1,1
batch1/session_020,batch1,3,E,1,5,155,1,E,E,E,E,E,E,E,E,E,E,E,E,E,E,E,1,1,1,1,1,1,1,1,1,1,1,1,1,1,1
batch2/session_001,batch2,0,H,2,2,180,1,H,Z,H,H,H,H,H,H,H,H,H,H,H,H,H,1,0,1,1,1,1,1,1,1,1,1,1,1,1,1
batch2/session_001,batch2,1,O,3,3,180,2,C,O,O,O,O,O,O,O,O,O,O,O,O,O,O,0,1,1,1,1,1,1,1,1,1,1,1,1,1,1
batch2/session_001,batch2,2,U,4,3,179,1,U,U,U,U,U,U,U,U,U,U,U,U,U,U,U,1,1,1,1,1,1,1,1,1,1,1,1,1,1,1
batch2/session_001,batch2,3,S,4,1,179,2,A,S,S,S,S,S,S,S,S,S,S,S,S,S,S,0,1,1,1,1,1,1,1,1,1,1,1,1,1,1
batch2/session_001,batch2,4,E,1,5,179,3,F,F,E,E,E,E,E,E,E,E,E,E,E,E,E,0,0,1,1,1,1,1,1,1,1,1,1,1,1,1
batch2/session_002,batch2,0,P,3,4,175,1,P,P,P,P,P,P,P,P,P,P,P,P,P,P,P,1,1,1,1,1,1,1,1,1,1,1,1,1,1,1
batch2/session_002,batch2,1,L,2,6,180,1,L,L,L,L,L,L,L,L,L,L,L,L,L,L,L,1,1,1,1,1,1,1,1,1,1,1,1,1,1,1
batch2/session_002,batch2,2,A,1,1,179,3,G,G,A,A,A,A,A,A,A,A,A,A,A,A,A,0,0,1,1,1,1,1,1,1,1,1,1,1,1,1
batch2/session_002,batch2,3,N,3,2,180,2,Z,N,Z,N,N,N,N,N,N,N,N,N,N,N,N,0,1,0,1,1,1,1,1,1,1,1,1,1,1,1
batch2/session_002,batch2,4,T,4,2,180,2,Z,T,T,T,T,T,T,T,T,T,T,T,T,T,T,0,1,1,1,1,1,1,1,1,1,1,1,1,1,1
batch2/session_003,batch2,0,Q,3,5,180,2,D,Q,Q,Q,Q,Q,Q,Q,Q,Q,Q,Q,Q,Q,Q,0,1,1,1,1,1,1,1,1,1,1,1,1,1,1
batch2/session_003,batch2,1,U,4,3,175,2,C,U,U,U,U,U,U,U,U,U,U,U,U,U,U,0,1,1,1,1,1,1,1,1,1,1,1,1,1,1
batch2/session_003,batch2,2,I,2,3,179,2,O,I,I,I,I,I,I,I,I,I,I,I,I,I,I,0,1,1,1,1,1,1,1,1,1,1,1,1,1,1
batch2/session_003,batch2,3,C,1,3,180,1,C,C,C,C,C,C,C,C,C,C,C,C,C,C,C,1,1,1,1,1,1,1,1,1,1,1,1,1,1,1
batch2/session_003,batch2,4,K,2,5,179,2,G,K,K,K,K,K,K,K,K,K,K,K,K,K,K,0,1,1,1,1,1,1,1,1,1,1,1,1,1,1
batch2/session_004,batch2,0,Z,5,2,177,1,Z,Z,Z,Z,Z,Z,Z,Z,Z,Z,Z,Z,Z,Z,Z,1,1,1,1,1,1,1,1,1,1,1,1,1,1,1
batch2/session_004,batch2,1,E,1,5,180,1,E,E,E,E,E,E,E,E,E,E,E,E,E,E,E,1,1,1,1,1,1,1,1,1,1,1,1,1,1,1
batch2/session_004,batch2,2,B,1,2,179,2,C,B,B,B,B,B,B,B,B,B,B,B,B,B,B,0,1,1,1,1,1,1,1,1,1,1,1,1,1,1
batch2/session_004,batch2,3,R,3,6,180,1,R,R,R,R,R,R,R,R,R,R,R,R,R,R,R,1,1,1,1,1,1,1,1,1,1,1,1,1,1,1
batch2/session_004,batch2,4,A,1,1,175,4,H,H,G,A,A,A,A,A,A,A,A,A,A,A,A,0,0,0,1,1,1,1,1,1,1,1,1,1,1,1
batch2/session_005,batch2,0,J,2,4,176,2,B,J,J,J,J,J,J,J,J,J,J,J,J,J,J,0,1,1,1,1,1,1,1,1,1,1,1,1,1,1
batch2/session_005,batch2,1,U,4,3,180,1,U,U,U,U,U,U,U,U,U,U,U,U,U,U,U,1,1,1,1,1,1,1,1,1,1,1,1,1,1,1
batch2/session_005,batch2,2,M,3,1,175,2,S,M,M,M,N,N,M,M,M,M,M,M,M,M,M,0,1,1,1,0,0,1,1,1,1,1,1,1,1,1
batch2/session_005,batch2,3,P,3,4,179,2,D,P,P,P,P,P,P,P,P,P,P,P,P,P,P,0,1,1,1,1,1,1,1,1,1,1,1,1,1,1
batch2/session_005,batch2,4,Y,5,1,179,1,Y,Y,Y,Y,Y,Y,Y,Y,Y,Y,Y,Y,Y,Y,Y,1,1,1,1,1,1,1,1,1,1,1,1,1,1,1
batch2/session_006,batch2,0,V,4,4,177,1,V,V,V,V,V,V,V,V,V,V,V,V,V,V,V,1,1,1,1,1,1,1,1,1,1,1,1,1,1,1
batch2/session_006,batch2,1,I,2,3,180,1,I,I,I,I,I,I,I,I,I,I,I,I,I,I,I,1,1,1,1,1,1,1,1,1,1,1,1,1,1,1
batch2/session_006,batch2,2,V,4,4,180,1,V,V,V,V,V,V,V,V,V,V,V,V,V,V,V,1,1,1,1,1,1,1,1,1,1,1,1,1,1,1
batch2/session_006,batch2,3,I,2,3,171,2,G,I,I,I,I,I,I,I,I,I,I,I,I,I,I,0,1,1,1,1,1,1,1,1,1,1,1,1,1,1
batch2/session_006,batch2,4,D,1,4,167,1,D,D,D,D,D,D,D,D,D,D,D,D,D,D,D,1,1,1,1,1,1,1,1,1,1,1,1,1,1,1
batch2/session_007,batch2,0,W,4,5,180,3,K,K,W,W,W,W,W,W,W,W,W,W,W,W,W,0,0,1,1,1,1,1,1,1,1,1,1,1,1,1
batch2/session_007,batch2,1,A,1,1,180,1,A,A,A,A,A,A,A,A,A,A,A,A,A,A,A,1,1,1,1,1,1,1,1,1,1,1,1,1,1,1
batch2/session_007,batch2,2,T,4,2,180,1,T,T,T,T,T,T,T,T,T,T,T,T,T,T,T,1,1,1,1,1,1,1,1,1,1,1,1,1,1,1
batch2/session_007,batch2,3,E,1,5,179,1,E,E,E,E,E,E,E,E,E,E,E,E,E,E,E,1,1,1,1,1,1,1,1,1,1,1,1,1,1,1
batch2/session_007,batch2,4,R,3,6,180,3,Q,Q,R,R,R,R,R,R,R,R,R,R,R,R,R,0,0,1,1,1,1,1,1,1,1,1,1,1,1,1
batch2/session_008,batch2,0,Y,5,1,180,1,Y,Y,Y,Y,Y,Y,Y,Y,Y,Y,Y,Y,Y,Y,Y,1,1,1,1,1,1,1,1,1,1,1,1,1,1,1
batch2/session_008,batch2,1,O,3,3,175,2,C,O,O,O,O,O,O,O,O,O,O,O,O,O,O,0,1,1,1,1,1,1,1,1,1,1,1,1,1,1
batch2/session_008,batch2,2,U,4,3,180,1,U,U,U,U,U,U,U,U,U,U,U,U,U,U,U,1,1,1,1,1,1,1,1,1,1,1,1,1,1,1
batch2/session_008,batch2,3,T,4,2,180,1,T,T,T,T,T,T,T,T,T,T,T,T,T,T,T,1,1,1,1,1,1,1,1,1,1,1,1,1,1,1
batch2/session_008,batch2,4,H,2,2,179,1,H,H,H,H,H,H,H,H,H,H,H,H,H,H,H,1,1,1,1,1,1,1,1,1,1,1,1,1,1,1
batch2/session_009,batch2,0,K,2,5,180,1,K,K,K,K,K,K,K,K,K,K,K,K,K,K,K,1,1,1,1,1,1,1,1,1,1,1,1,1,1,1
batch2/session_009,batch2,1,N,3,2,180,1,N,N,N,N,N,N,N,N,N,N,N,N,N,N,N,1,1,1,1,1,1,1,1,1,1,1,1,1,1,1
batch2/session_009,batch2,2,I,2,3,180,2,C,I,I,I,I,I,I,I,I,I,I,I,I,I,I,0,1,1,1,1,1,1,1,1,1,1,1,1,1,1
batch2/session_009,batch2,3,F,1,6,180,1,F,F,F,F,F,F,F,F,F,F,F,F,F,F,F,1,1,1,1,1,1,1,1,1,1,1,1,1,1,1
batch2/session_009,batch2,4,E,1,5,175,2,D,E,E,E,E,E,E,E,E,E,E,E,E,E,E,0,1,1,1,1,1,1,1,1,1,1,1,1,1,1
batch2/session_010,batch2,0,B,1,2,176,2,T,B,B,B,B,B,B,B,B,B,B,B,B,B,B,0,1,1,1,1,1,1,1,1,1,1,1,1,1,1
batch2/session_010,batch2,1,R,3,6,180,1,R,R,R,R,R,R,R,R,R,R,R,R,R,R,R,1,1,1,1,1,1,1,1,1,1,1,1,1,1,1
batch2/session_010,batch2,2,A,1,1,180,1,A,A,A,A,A,A,A,A,A,A,A,A,A,A,A,1,1,1,1,1,1,1,1,1,1,1,1,1,1,1
batch2/session_010,batch2,3,V,4,4,166,3,M,S,V,S,S,V,V,V,V,V,V,V,V,V,V,0,0,1,0,0,1,1,1,1,1,1,1,1,1,1
batch2/session_010,batch2,4,E,1,5,180,2,F,E,D,E,E,E,E,E,E,E,E,E,E,E,E,0,1,0,1,1,1,1,1,1,1,1,1,1,1,1
