lsl_timestamp,wall_time,code,is_target,char_idx,rep
1788391506.7539062,1788391506.753338,8,1,0,1
1788391506.9335938,1788391506.931358,1,1,0,1
1788391507.1132812,1788391507.110836,3,0,0,1
1788391507.2929688,1788391507.290911,9,0,0,1
1788391507.4726562,1788391507.470625,4,0,0,1
1788391507.6523438,1788391507.650568,7,0,0,1
1788391507.8320312,1788391507.831481,11,0,0,1
1788391508.015625,1788391508.012295,6,0,0,1
1788391508.1953125,1788391508.19243,10,0,0,1
1788391508.375,1788391508.371954,2,0,0,1
1788391508.5546875,1788391508.552102,5,0,0,1
1788391508.734375,1788391508.732153,12,0,0,1
1788391508.9140625,1788391508.912219,6,0,0,2
1788391509.09375,1788391509.091947,4,0,0,2
1788391509.2734375,1788391509.272047,11,0,0,2
1788391509.453125,1788391509.450858,5,0,0,2
1788391509.6328125,1788391509.630376,12,0,0,2
1788391509.8125,1788391509.810412,1,1,0,2
1788391509.9921875,1788391509.990704,3,0,0,2
1788391510.171875,1788391510.171069,8,1,0,2
1788391510.3515625,1788391510.350526,7,0,0,2
1788391510.53125,1788391510.530752,9,0,0,2
1788391510.7109375,1788391510.709479,10,0,0,2
1788391510.890625,1788391510.889525,2,0,0,2
1788391511.0703125,1788391511.068839,12,0,0,3
1788391511.25,1788391511.248122,1,1,0,3
1788391511.4296875,1788391511.427912,5,0,0,3
1788391511.609375,1788391511.608175,6,0,0,3
1788391511.7890625,1788391511.788216,9,0,0,3
1788391511.96875,1788391511.968658,3,0,0,3
1788391512.1523438,1788391512.14943,4,0,0,3
1788391512.3320312,1788391512.329248,11,0,0,3
1788391512.5117188,1788391512.509877,2,0,0,3
1788391512.6914062,1788391512.690241,8,1,0,3
1788391512.8710938,1788391512.870256,10,0,0,3
1788391513.0507812,1788391513.049695,7,0,0,3
1788391513.2304688,1788391513.229235,11,0,0,4
1788391513.4101562,1788391513.408501,8,1,0,4
1788391513.5898438,1788391513.588235,6,0,0,4
1788391513.7695312,1788391513.768815,10,0,0,4
1788391513.953125,1788391513.949836,4,0,0,4
1788391514.1328125,1788391514.129252,3,0,0,4
1788391514.3085938,1788391514.30855,12,0,0,4
1788391514.4882812,1788391514.488217,2,0,0,4
1788391514.671875,1788391514.668371,7,0,0,4
1788391514.8515625,1788391514.849704,9,0,0,4
1788391515.03125,1788391515.02967,1,1,0,4
1788391515.2109375,1788391515.21004,5,0,0,4
1788391515.390625,1788391515.389384,3,0,0,5
1788391515.5703125,1788391515.568976,5,0,0,5
1788391515.75,1788391515.748281,6,0,0,5
1788391515.9296875,1788391515.928933,4,0,0,5
1788391516.109375,1788391516.1089,7,0,0,5
1788391516.2890625,1788391516.288227,10,0,0,5
1788391516.46875,1788391516.467979,11,0,0,5
1788391516.6523438,1788391516.64857,1,1,0,5
1788391516.8320312,1788391516.828758,2,0,0,5
1788391517.0117188,1788391517.008593,8,1,0,5
1788391517.1914062,1788391517.189255,12,0,0,5
1788391517.3710938,1788391517.368839,9,0,0,5
1788391517.5507812,1788391517.548593,12,0,0,6
1788391517.7304688,1788391517.729314,9,0,0,6
1788391517.9101562,1788391517.90999,11,0,0,6
1788391518.0898438,1788391518.089303,2,0,0,6
1788391518.2695312,1788391518.269224,8,1,0,6
1788391518.4492188,1788391518.44861,7,0,0,6
1788391518.6289062,1788391518.627453,6,0,0,6
1788391518.8085938,1788391518.808035,5,0,0,6
1788391518.9882812,1788391518.98794,3,0,0,6
1788391519.1679688,1788391519.167258,10,0,0,6
1788391519.3476562,1788391519.347479,1,1,0,6
1788391519.5273438,1788391519.527187,4,0,0,6
1788391519.7070312,1788391519.706911,3,0,0,7
1788391519.890625,1788391519.88718,7,0,0,7
1788391520.0664062,1788391520.066381,11,0,0,7
1788391520.25,1788391520.246241,2,0,0,7
1788391520.4296875,1788391520.426378,12,0,0,7
1788391520.609375,1788391520.606903,6,0,0,7
1788391520.7890625,1788391520.787414,10,0,0,7
1788391520.96875,1788391520.966817,5,0,0,7
1788391521.1484375,1788391521.146269,4,0,0,7
1788391521.328125,1788391521.326005,1,1,0,7
1788391521.5078125,1788391521.506553,8,1,0,7
1788391521.6875,1788391521.686804,9,0,0,7
1788391521.8710938,1788391521.867561,11,0,0,8
1788391522.0507812,1788391522.047363,9,0,0,8
1788391522.2265625,1788391522.226531,4,0,0,8
1788391522.4101562,1788391522.406752,1,1,0,8
1788391522.5859375,1788391522.58535,5,0,0,8
1788391522.765625,1788391522.764667,3,0,0,8
1788391522.9453125,1788391522.944222,7,0,0,8
1788391523.125,1788391523.124679,8,1,0,8
1788391523.3085938,1788391523.304863,10,0,0,8
1788391523.4882812,1788391523.484424,2,0,0,8
1788391523.6640625,1788391523.663687,12,0,0,8
1788391523.8476562,1788391523.843816,6,0,0,8
1788391524.0273438,1788391524.024461,5,0,0,9
1788391524.2070312,1788391524.204577,7,0,0,9
1788391524.3867188,1788391524.384696,10,0,0,9
1788391524.5664062,1788391524.564447,2,0,0,9
1788391524.7460938,1788391524.744511,9,0,0,9
1788391524.9257812,1788391524.925194,1,1,0,9
1788391525.1054688,1788391525.104884,8,1,0,9
1788391525.2851562,1788391525.285081,4,0,0,9
1788391525.4648438,1788391525.46451,12,0,0,9
1788391525.6484375,1788391525.644698,6,0,0,9
1788391525.828125,1788391525.824491,11,0,0,9
1788391526.0078125,1788391526.004272,3,0,0,9
1788391526.1875,1788391526.184447,2,0,0,10
1788391526.3671875,1788391526.364148,5,0,0,10
1788391526.546875,1788391526.543431,11,0,0,10
1788391526.7265625,1788391526.723692,8,1,0,10
1788391526.90625,1788391526.903768,4,0,0,10
1788391527.0859375,1788391527.084104,9,0,0,10
1788391527.265625,1788391527.264737,1,1,0,10
1788391527.4453125,1788391527.444105,12,0,0,10
1788391527.625,1788391527.624544,10,0,0,10
1788391527.8046875,1788391527.804099,3,0,0,10
1788391527.984375,1788391527.984354,7,0,0,10
1788391528.1679688,1788391528.16477,6,0,0,10
1788391528.3476562,1788391528.345243,11,0,0,11
1788391528.5273438,1788391528.525858,1,1,0,11
1788391528.7070312,1788391528.705869,2,0,0,11
1788391528.8867188,1788391528.885136,10,0,0,11
1788391529.0664062,1788391529.065467,4,0,0,11
1788391529.25,1788391529.246317,6,0,0,11
1788391529.4257812,1788391529.425302,5,0,0,11
1788391529.6054688,1788391529.604271,9,0,0,11
1788391529.7851562,1788391529.783793,8,1,0,11
1788391529.9648438,1788391529.964432,12,0,0,11
1788391530.1445312,1788391530.144218,7,0,0,11
1788391530.328125,1788391530.324256,3,0,0,11
1788391530.5078125,1788391530.504196,8,1,0,12
1788391530.6875,1788391530.684611,2,0,0,12
1788391530.8671875,1788391530.865109,3,0,0,12
1788391531.046875,1788391531.044211,10,0,0,12
1788391531.2265625,1788391531.224293,9,0,0,12
1788391531.40625,1788391531.404318,12,0,0,12
1788391531.5859375,1788391531.584554,4,0,0,12
1788391531.765625,1788391531.765014,1,1,0,12
1788391531.9492188,1788391531.945498,7,0,0,12
1788391532.1289062,1788391532.125869,5,0,0,12
1788391532.3046875,1788391532.304179,6,0,0,12
1788391532.484375,1788391532.484366,11,0,0,12
1788391532.6679688,1788391532.664555,12,0,0,13
1788391532.8476562,1788391532.844255,7,0,0,13
1788391533.0234375,1788391533.023416,4,0,0,13
1788391533.2070312,1788391533.204032,3,0,0,13
1788391533.3867188,1788391533.384297,2,0,0,13
1788391533.5664062,1788391533.564067,10,0,0,13
1788391533.7460938,1788391533.743847,1,1,0,13
1788391533.9257812,1788391533.92399,6,0,0,13
1788391534.1054688,1788391534.103784,5,0,0,13
1788391534.2851562,1788391534.283612,8,1,0,13
1788391534.4648438,1788391534.464038,11,0,0,13
1788391534.6484375,1788391534.644702,9,0,0,13
1788391534.828125,1788391534.82504,11,0,0,14
1788391535.0078125,1788391535.004185,12,0,0,14
1788391535.1875,1788391535.183676,9,0,0,14
1788391535.3632812,1788391535.362611,5,0,0,14
1788391535.546875,1788391535.543935,7,0,0,14
1788391535.7265625,1788391535.723355,4,0,0,14
1788391535.90625,1788391535.903597,1,1,0,14
1788391536.0859375,1788391536.083518,2,0,0,14
1788391536.265625,1788391536.262604,3,0,0,14
1788391536.4453125,1788391536.442823,6,0,0,14
1788391536.625,1788391536.623293,10,0,0,14
1788391536.8046875,1788391536.804217,8,1,0,14
1788391536.9882812,1788391536.984731,11,0,0,15
1788391537.1679688,1788391537.16485,12,0,0,15
1788391537.3476562,1788391537.344229,5,0,0,15
1788391537.5273438,1788391537.524272,9,0,0,15
1788391537.7070312,1788391537.704303,2,0,0,15
1788391537.8867188,1788391537.884043,10,0,0,15
1788391538.0664062,1788391538.064029,3,0,0,15
1788391538.2460938,1788391538.244728,1,1,0,15
1788391538.4257812,1788391538.424128,4,0,0,15
1788391538.6054688,1788391538.603578,6,0,0,15
1788391538.7851562,1788391538.783514,8,1,0,15
1788391538.9648438,1788391538.963598,7,0,0,15
1788391541.6523438,1788391541.65107,3,1,1,1
1788391541.8320312,1788391541.831648,8,0,1,1
1788391542.015625,1788391542.011954,4,0,1,1
1788391542.1953125,1788391542.192006,10,0,1,1
1788391542.375,1788391542.372107,5,0,1,1
1788391542.5546875,1788391542.552232,6,0,1,1
1788391542.734375,1788391542.732381,1,0,1,1
1788391542.9140625,1788391542.912925,12,0,1,1
1788391543.09375,1788391543.092576,11,0,1,1
1788391543.2734375,1788391543.272721,7,0,1,1
1788391543.453125,1788391543.452287,9,1,1,1
1788391543.6367188,1788391543.632843,2,0,1,1
1788391543.8125,1788391543.812228,8,0,1,2
1788391543.9960938,1788391543.992363,3,1,1,2
1788391544.1757812,1788391544.172368,12,0,1,2
1788391544.3554688,1788391544.352221,9,1,1,2
1788391544.5351562,1788391544.532704,1,0,1,2
1788391544.7148438,1788391544.712601,4,0,1,2
1788391544.8945312,1788391544.891939,7,0,1,2
1788391545.0742188,1788391545.072327,6,0,1,2
1788391545.2539062,1788391545.25211,11,0,1,2
1788391545.4335938,1788391545.432435,2,0,1,2
1788391545.6132812,1788391545.611962,5,0,1,2
1788391545.7929688,1788391545.79242,10,0,1,2
1788391545.9726562,1788391545.970973,3,1,1,3
1788391546.1523438,1788391546.15083,9,1,1,3
1788391546.3320312,1788391546.331,6,0,1,3
1788391546.5117188,1788391546.510927,1,0,1,3
1788391546.6914062,1788391546.69121,2,0,1,3
1788391546.875,1788391546.871375,4,0,1,3
1788391547.0546875,1788391547.051786,7,0,1,3
1788391547.234375,1788391547.232105,11,0,1,3
1788391547.4140625,1788391547.410916,8,0,1,3
1788391547.59375,1788391547.59105,10,0,1,3
1788391547.7734375,1788391547.770581,12,0,1,3
1788391547.953125,1788391547.950051,5,0,1,3
1788391548.1328125,1788391548.129329,11,0,1,4
1788391548.3085938,1788391548.308583,3,1,1,4
1788391548.4921875,1788391548.488692,12,0,1,4
1788391548.671875,1788391548.66816,6,0,1,4
1788391548.8515625,1788391548.84818,2,0,1,4
1788391549.03125,1788391549.027951,8,0,1,4
1788391549.2109375,1788391549.207506,7,0,1,4
1788391549.390625,1788391549.38764,5,0,1,4
1788391549.5703125,1788391549.567566,10,0,1,4
1788391549.7460938,1788391549.745571,1,0,1,4
1788391549.9257812,1788391549.924876,9,1,1,4
1788391550.1054688,1788391550.104309,4,0,1,4
1788391550.2851562,1788391550.283943,6,0,1,5
1788391550.4648438,1788391550.464718,1,0,1,5
1788391550.6484375,1788391550.646007,3,1,1,5
1788391550.828125,1788391550.826571,9,1,1,5
1788391551.0078125,1788391551.006351,7,0,1,5
1788391551.1875,1788391551.186019,2,0,1,5
1788391551.3671875,1788391551.365668,10,0,1,5
1788391551.546875,1788391551.544258,12,0,1,5
1788391551.7265625,1788391551.724171,11,0,1,5
1788391551.90625,1788391551.903832,5,0,1,5
1788391552.0859375,1788391552.083467,8,0,1,5
1788391552.265625,1788391552.262649,4,0,1,5
1788391552.4453125,1788391552.441634,10,0,1,6
1788391552.625,1788391552.62155,5,0,1,6
1788391552.8046875,1788391552.801102,1,0,1,6
1788391552.984375,1788391552.981255,8,0,1,6
1788391553.1640625,1788391553.161008,2,0,1,6
1788391553.34375,1788391553.34091,9,1,1,6
1788391553.5234375,1788391553.520601,11,0,1,6
1788391553.703125,1788391553.700235,4,0,1,6
1788391553.8828125,1788391553.880479,12,0,1,6
1788391554.0625,1788391554.060784,7,0,1,6
1788391554.2421875,1788391554.241064,6,0,1,6
1788391554.421875,1788391554.420769,3,1,1,6
1788391554.6015625,1788391554.599952,12,0,1,7
1788391554.78125,1788391554.777647,3,1,1,7
1788391554.9609375,1788391554.958222,9,1,1,7
1788391555.140625,1788391555.138068,7,0,1,7
1788391555.3203125,1788391555.316626,2,0,1,7
1788391555.4960938,1788391555.495992,10,0,1,7
1788391555.6757812,1788391555.675343,6,0,1,7
1788391555.859375,1788391555.856289,8,0,1,7
1788391556.0390625,1788391556.036359,1,0,1,7
1788391556.21875,1788391556.216781,5,0,1,7
1788391556.3984375,1788391556.395982,4,0,1,7
1788391556.578125,1788391556.576218,11,0,1,7
1788391556.7578125,1788391556.756384,2,0,1,8
1788391556.9375,1788391556.935601,1,0,1,8
1788391557.1171875,1788391557.114999,11,0,1,8
1788391557.296875,1788391557.294375,10,0,1,8
1788391557.4765625,1788391557.474715,8,0,1,8
1788391557.65625,1788391557.654304,12,0,1,8
1788391557.8359375,1788391557.834702,3,1,1,8
1788391558.015625,1788391558.014271,6,0,1,8
1788391558.1953125,1788391558.193336,5,0,1,8
1788391558.375,1788391558.373338,7,0,1,8
1788391558.5546875,1788391558.553876,4,0,1,8
1788391558.7382812,1788391558.734471,9,1,1,8
1788391558.9179688,1788391558.914645,6,0,1,9
1788391559.0976562,1788391559.094287,9,1,1,9
1788391559.2773438,1788391559.274568,7,0,1,9
1788391559.4570312,1788391559.454259,2,0,1,9
1788391559.6367188,1788391559.633292,1,0,1,9
1788391559.8164062,1788391559.814562,11,0,1,9
1788391559.9960938,1788391559.994338,4,0,1,9
1788391560.1757812,1788391560.174219,10,0,1,9
1788391560.3554688,1788391560.354516,12,0,1,9
1788391560.5351562,1788391560.533957,5,0,1,9
1788391560.7148438,1788391560.712664,8,0,1,9
1788391560.8945312,1788391560.893393,3,1,1,9
1788391561.0742188,1788391561.073276,2,0,1,10
1788391561.2539062,1788391561.251895,9,1,1,10
1788391561.4335938,1788391561.432312,3,1,1,10
1788391561.6132812,1788391561.612251,5,0,1,10
1788391561.7929688,1788391561.792477,4,0,1,10
1788391561.9765625,1788391561.973065,10,0,1,10
1788391562.15625,1788391562.15362,6,0,1,10
1788391562.3359375,1788391562.333868,11,0,1,10
1788391562.515625,1788391562.51398,1,0,1,10
1788391562.6953125,1788391562.692805,7,0,1,10
1788391562.875,1788391562.872694,8,0,1,10
1788391563.0546875,1788391563.051346,12,0,1,10
1788391563.2304688,1788391563.230438,11,0,1,11
1788391563.4140625,1788391563.410616,5,0,1,11
1788391563.59375,1788391563.590803,2,0,1,11
1788391563.7734375,1788391563.771171,1,0,1,11
1788391563.953125,1788391563.950447,10,0,1,11
1788391564.1328125,1788391564.130918,4,0,1,11
1788391564.3125,1788391564.310876,7,0,1,11
1788391564.4921875,1788391564.491398,6,0,1,11
1788391564.671875,1788391564.67069,12,0,1,11
1788391564.8515625,1788391564.850172,3,1,1,11
1788391565.03125,1788391565.030402,9,1,1,11
1788391565.2109375,1788391565.210664,8,0,1,11
1788391565.3945312,1788391565.391056,3,1,1,12
1788391565.5742188,1788391565.571133,10,0,1,12
1788391565.7539062,1788391565.751225,4,0,1,12
1788391565.9335938,1788391565.931544,8,0,1,12
1788391566.1132812,1788391566.110957,12,0,1,12
1788391566.2929688,1788391566.290561,11,0,1,12
1788391566.4726562,1788391566.469015,2,0,1,12
1788391566.6523438,1788391566.649433,9,1,1,12
1788391566.8320312,1788391566.829989,7,0,1,12
1788391567.0117188,1788391567.009337,6,0,1,12
1788391567.1914062,1788391567.189561,1,0,1,12
1788391567.3710938,1788391567.36903,5,0,1,12
1788391567.5507812,1788391567.548209,4,0,1,13
1788391567.7304688,1788391567.727635,11,0,1,13
1788391567.9101562,1788391567.907754,7,0,1,13
1788391568.0898438,1788391568.088128,10,0,1,13
1788391568.2695312,1788391568.268871,2,0,1,13
1788391568.453125,1788391568.449256,5,0,1,13
1788391568.6289062,1788391568.628639,9,1,1,13
1788391568.8085938,1788391568.80848,8,0,1,13
1788391568.9882812,1788391568.98779,6,0,1,13
1788391569.171875,1788391569.168757,3,1,1,13
1788391569.3515625,1788391569.34782,12,0,1,13
1788391569.53125,1788391569.527683,1,0,1,13
1788391569.7070312,1788391569.706763,6,0,1,14
1788391569.8867188,1788391569.885659,9,1,1,14
1788391570.0703125,1788391570.066435,3,1,1,14
1788391570.25,1788391570.246183,4,0,1,14
1788391570.4296875,1788391570.426157,10,0,1,14
1788391570.609375,1788391570.60639,11,0,1,14
1788391570.7890625,1788391570.785843,7,0,1,14
1788391570.96875,1788391570.966352,8,0,1,14
1788391571.1484375,1788391571.145327,12,0,1,14
1788391571.328125,1788391571.325832,5,0,1,14
1788391571.5078125,1788391571.505698,1,0,1,14
1788391571.6875,1788391571.685685,2,0,1,14
1788391571.8671875,1788391571.865495,8,0,1,15
1788391572.046875,1788391572.045112,12,0,1,15
1788391572.2265625,1788391572.224407,1,0,1,15
1788391572.40625,1788391572.404237,5,0,1,15
1788391572.5859375,1788391572.584591,9,1,1,15
1788391572.765625,1788391572.76485,2,0,1,15
1788391572.9453125,1788391572.944348,10,0,1,15
1788391573.125,1788391573.123765,7,0,1,15
1788391573.3046875,1788391573.303895,6,0,1,15
1788391573.484375,1788391573.484213,3,1,1,15
1788391573.6679688,1788391573.664468,11,0,1,15
1788391573.8476562,1788391573.844032,4,0,1,15
1788391576.5351562,1788391576.532961,10,0,2,1
1788391576.7148438,1788391576.712872,7,0,2,1
1788391576.8945312,1788391576.892694,5,0,2,1
1788391577.0742188,1788391577.073092,12,0,2,1
1788391577.2539062,1788391577.252414,3,1,2,1
1788391577.4335938,1788391577.432569,9,1,2,1
1788391577.6132812,1788391577.612371,8,0,2,1
1788391577.7929688,1788391577.790845,11,0,2,1
1788391577.9726562,1788391577.970396,1,0,2,1
1788391578.1523438,1788391578.14893,2,0,2,1
1788391578.3320312,1788391578.329127,4,0,2,1
1788391578.5117188,1788391578.509298,6,0,2,1
1788391578.6914062,1788391578.688456,12,0,2,2
1788391578.8710938,1788391578.868206,2,0,2,2
1788391579.0507812,1788391579.048399,1,0,2,2
1788391579.2304688,1788391579.227815,6,0,2,2
1788391579.4101562,1788391579.407858,8,0,2,2
1788391579.5898438,1788391579.587278,4,0,2,2
1788391579.7695312,1788391579.766317,11,0,2,2
1788391579.9492188,1788391579.946054,3,1,2,2
1788391580.1289062,1788391580.126039,10,0,2,2
1788391580.3085938,1788391580.306225,5,0,2,2
1788391580.4882812,1788391580.485507,7,0,2,2
1788391580.6679688,1788391580.664784,9,1,2,2
1788391580.8476562,1788391580.844396,6,0,2,3
1788391581.0273438,1788391581.024443,7,0,2,3
1788391581.2070312,1788391581.204287,12,0,2,3
1788391581.3867188,1788391581.384124,1,0,2,3
1788391581.5664062,1788391581.564295,10,0,2,3
1788391581.7460938,1788391581.744778,8,0,2,3
1788391581.9257812,1788391581.924621,9,1,2,3
1788391582.1054688,1788391582.104487,5,0,2,3
1788391582.2851562,1788391582.284381,2,0,2,3
1788391582.46875,1788391582.464851,11,0,2,3
1788391582.6445312,1788391582.644406,3,1,2,3
1788391582.828125,1788391582.824379,4,0,2,3
1788391583.0078125,1788391583.004454,2,0,2,4
1788391583.1875,1788391583.18444,9,1,2,4
1788391583.3671875,1788391583.364648,6,0,2,4
1788391583.546875,1788391583.544439,11,0,2,4
1788391583.7265625,1788391583.724469,8,0,2,4
1788391583.90625,1788391583.904529,12,0,2,4
1788391584.0859375,1788391584.084669,3,1,2,4
1788391584.265625,1788391584.264732,7,0,2,4
1788391584.4453125,1788391584.444935,5,0,2,4
1788391584.625,1788391584.624268,10,0,2,4
1788391584.8046875,1788391584.804388,4,0,2,4
1788391584.9882812,1788391584.984468,1,0,2,4
1788391585.1679688,1788391585.164576,2,0,2,5
1788391585.3476562,1788391585.34439,12,0,2,5
1788391585.5273438,1788391585.52465,1,0,2,5
1788391585.7070312,1788391585.705043,3,1,2,5
1788391585.8867188,1788391585.884366,4,0,2,5
1788391586.0664062,1788391586.063034,10,0,2,5
1788391586.2460938,1788391586.243393,9,1,2,5
1788391586.4257812,1788391586.423763,5,0,2,5
1788391586.6054688,1788391586.603868,7,0,2,5
1788391586.7851562,1788391586.783798,6,0,2,5
1788391586.9648438,1788391586.96316,8,0,2,5
1788391587.1445312,1788391587.142413,11,0,2,5
1788391587.3242188,1788391587.323057,8,0,2,6
1788391587.5039062,1788391587.503531,4,0,2,6
1788391587.6835938,1788391587.682658,3,1,2,6
1788391587.8632812,1788391587.862747,11,0,2,6
1788391588.0429688,1788391588.041814,5,0,2,6
1788391588.2226562,1788391588.221124,1,0,2,6
1788391588.4023438,1788391588.402282,7,0,2,6
1788391588.5859375,1788391588.582968,2,0,2,6
1788391588.765625,1788391588.763211,12,0,2,6
1788391588.9453125,1788391588.94206,6,0,2,6
1788391589.125,1788391589.121661,9,1,2,6
1788391589.3046875,1788391589.301598,10,0,2,6
1788391589.484375,1788391589.481297,5,0,2,7
1788391589.6640625,1788391589.660739,8,0,2,7
1788391589.84375,1788391589.841495,11,0,2,7
1788391590.0234375,1788391590.020754,2,0,2,7
1788391590.203125,1788391590.200914,7,0,2,7
1788391590.3828125,1788391590.380889,4,0,2,7
1788391590.5625,1788391590.561083,10,0,2,7
1788391590.7421875,1788391590.741367,12,0,2,7
1788391590.921875,1788391590.921152,9,1,2,7
1788391591.1015625,1788391591.100795,6,0,2,7
1788391591.28125,1788391591.281089,1,0,2,7
1788391591.4648438,1788391591.461067,3,1,2,7
1788391591.640625,1788391591.640238,6,0,2,8
1788391591.8242188,1788391591.820636,7,0,2,8
1788391592.0039062,1788391592.000895,8,0,2,8
1788391592.1835938,1788391592.180997,5,0,2,8
1788391592.3632812,1788391592.361293,2,0,2,8
1788391592.5429688,1788391592.541124,3,1,2,8
1788391592.7226562,1788391592.721208,10,0,2,8
1788391592.9023438,1788391592.901012,12,0,2,8
1788391593.0820312,1788391593.081473,11,0,2,8
1788391593.2617188,1788391593.260636,1,0,2,8
1788391593.4414062,1788391593.439885,4,0,2,8
1788391593.6210938,1788391593.620162,9,1,2,8
1788391593.8007812,1788391593.799075,12,0,2,9
1788391593.9804688,1788391593.978528,8,0,2,9
1788391594.1601562,1788391594.157919,1,0,2,9
1788391594.3398438,1788391594.33794,7,0,2,9
1788391594.5195312,1788391594.518238,3,1,2,9
1788391594.6992188,1788391594.698671,5,0,2,9
1788391594.8789062,1788391594.878027,6,0,2,9
1788391595.0585938,1788391595.057881,9,1,2,9
1788391595.2421875,1788391595.238515,2,0,2,9
1788391595.421875,1788391595.41902,11,0,2,9
1788391595.6015625,1788391595.600338,10,0,2,9
1788391595.78125,1788391595.779923,4,0,2,9
1788391595.9609375,1788391595.959909,5,0,2,10
1788391596.140625,1788391596.140221,8,0,2,10
1788391596.3242188,1788391596.320374,12,0,2,10
1788391596.5039062,1788391596.500052,6,0,2,10
1788391596.6796875,1788391596.679541,11,0,2,10
1788391596.859375,1788391596.859318,2,0,2,10
1788391597.0429688,1788391597.040175,10,0,2,10
1788391597.2226562,1788391597.220445,1,0,2,10
1788391597.4023438,1788391597.399769,4,0,2,10
1788391597.5820312,1788391597.579464,7,0,2,10
1788391597.7617188,1788391597.76007,3,1,2,10
1788391597.9414062,1788391597.940095,9,1,2,10
1788391598.1210938,1788391598.120536,5,0,2,11
1788391598.3007812,1788391598.299012,12,0,2,11
1788391598.4804688,1788391598.47949,7,0,2,11
1788391598.6601562,1788391598.659562,6,0,2,11
1788391598.84375,1788391598.840423,1,0,2,11
1788391599.0234375,1788391599.02007,11,0,2,11
1788391599.203125,1788391599.199363,3,1,2,11
1788391599.3828125,1788391599.379302,9,1,2,11
1788391599.5625,1788391599.559426,4,0,2,11
1788391599.7421875,1788391599.738365,8,0,2,11
1788391599.921875,1788391599.918941,2,0,2,11
1788391600.1015625,1788391600.099039,10,0,2,11
1788391600.28125,1788391600.278733,9,1,2,12
1788391600.4609375,1788391600.458983,7,0,2,12
1788391600.640625,1788391600.640316,10,0,2,12
1788391600.8203125,1788391600.820279,2,0,2,12
1788391601.0039062,1788391601.000713,8,0,2,12
1788391601.1835938,1788391601.180922,3,1,2,12
1788391601.3632812,1788391601.360491,4,0,2,12
1788391601.5429688,1788391601.541097,6,0,2,12
1788391601.7226562,1788391601.720726,5,0,2,12
1788391601.9023438,1788391601.900379,12,0,2,12
1788391602.0820312,1788391602.08172,11,0,2,12
1788391602.2617188,1788391602.26113,1,0,2,12
1788391602.4453125,1788391602.441569,12,0,2,13
1788391602.625,1788391602.621217,4,0,2,13
1788391602.8046875,1788391602.801652,6,0,2,13
1788391602.984375,1788391602.981745,9,1,2,13
1788391603.1640625,1788391603.161099,11,0,2,13
1788391603.34375,1788391603.341217,8,0,2,13
1788391603.5234375,1788391603.521727,2,0,2,13
1788391603.6992188,1788391603.698911,7,0,2,13
1788391603.8789062,1788391603.877782,10,0,2,13
1788391604.0585938,1788391604.057598,1,0,2,13
1788391604.2382812,1788391604.237659,3,1,2,13
1788391604.421875,1788391604.418468,5,0,2,13
1788391604.6015625,1788391604.598991,9,1,2,14
1788391604.78125,1788391604.779182,11,0,2,14
1788391604.9609375,1788391604.958218,6,0,2,14
1788391605.140625,1788391605.138329,7,0,2,14
1788391605.3203125,1788391605.318248,3,1,2,14
1788391605.5,1788391605.498002,10,0,2,14
1788391605.6796875,1788391605.678123,5,0,2,14
1788391605.859375,1788391605.858771,4,0,2,14
1788391606.0390625,1788391606.038381,8,0,2,14
1788391606.21875,1788391606.218744,12,0,2,14
1788391606.3984375,1788391606.39746,1,0,2,14
1788391606.578125,1788391606.576559,2,0,2,14
1788391606.7578125,1788391606.756648,10,0,2,15
1788391606.9375,1788391606.936902,9,1,2,15
1788391607.1171875,1788391607.116552,12,0,2,15
1788391607.296875,1788391607.296166,2,0,2,15
1788391607.4765625,1788391607.476266,6,0,2,15
1788391607.6601562,1788391607.656698,1,0,2,15
1788391607.8398438,1788391607.836811,7,0,2,15
1788391608.0195312,1788391608.016313,11,0,2,15
1788391608.1992188,1788391608.196163,8,0,2,15
1788391608.3789062,1788391608.376294,4,0,2,15
1788391608.5585938,1788391608.556497,3,1,2,15
1788391608.7382812,1788391608.736553,5,0,2,15
1788391611.4257812,1788391611.423692,11,0,3,1
1788391611.6054688,1788391611.603864,9,0,3,1
1788391611.7851562,1788391611.784059,1,0,3,1
1788391611.9648438,1788391611.964062,4,1,3,1
1788391612.1445312,1788391612.143959,7,1,3,1
1788391612.328125,1788391612.32422,3,0,3,1
1788391612.5078125,1788391612.504409,10,0,3,1
1788391612.6875,1788391612.685212,6,0,3,1
1788391612.8671875,1788391612.863899,12,0,3,1
1788391613.046875,1788391613.044358,5,0,3,1
1788391613.2265625,1788391613.224568,8,0,3,1
1788391613.40625,1788391613.404384,2,0,3,1
1788391613.5859375,1788391613.585408,10,0,3,2
1788391613.7695312,1788391613.765634,4,1,3,2
1788391613.9453125,1788391613.94412,2,0,3,2
1788391614.125,1788391614.123279,9,0,3,2
1788391614.3046875,1788391614.303824,1,0,3,2
1788391614.484375,1788391614.484134,11,0,3,2
1788391614.6679688,1788391614.664736,7,1,3,2
1788391614.8476562,1788391614.84409,8,0,3,2
1788391615.0273438,1788391615.024379,3,0,3,2
1788391615.2070312,1788391615.204344,12,0,3,2
1788391615.3867188,1788391615.383922,6,0,3,2
1788391615.5664062,1788391615.564911,5,0,3,2
1788391615.7460938,1788391615.744002,4,1,3,3
1788391615.9257812,1788391615.924408,8,0,3,3
1788391616.1054688,1788391616.104619,1,0,3,3
1788391616.2851562,1788391616.284823,6,0,3,3
1788391616.46875,1788391616.46513,5,0,3,3
1788391616.6484375,1788391616.644837,2,0,3,3
1788391616.8242188,1788391616.82348,9,0,3,3
1788391617.0039062,1788391617.003651,10,0,3,3
1788391617.1835938,1788391617.183442,7,1,3,3
1788391617.3671875,1788391617.364066,3,0,3,3
1788391617.546875,1788391617.544592,11,0,3,3
1788391617.7265625,1788391617.723967,12,0,3,3
1788391617.90625,1788391617.902873,11,0,3,4
1788391618.0859375,1788391618.082224,8,0,3,4
1788391618.2617188,1788391618.261204,10,0,3,4
1788391618.4414062,1788391618.440952,6,0,3,4
1788391618.625,1788391618.62129,5,0,3,4
1788391618.8046875,1788391618.801534,4,1,3,4
1788391618.984375,1788391618.981498,7,1,3,4
1788391619.1640625,1788391619.161293,12,0,3,4
1788391619.34375,1788391619.340921,9,0,3,4
1788391619.5234375,1788391619.521288,1,0,3,4
1788391619.703125,1788391619.70106,2,0,3,4
1788391619.8828125,1788391619.881274,3,0,3,4
1788391620.0625,1788391620.061297,12,0,3,5
1788391620.2421875,1788391620.241298,2,0,3,5
1788391620.421875,1788391620.421148,4,1,3,5
1788391620.6015625,1788391620.600701,5,0,3,5
1788391620.7851562,1788391620.781459,8,0,3,5
1788391620.9648438,1788391620.960975,3,0,3,5
1788391621.1445312,1788391621.141215,11,0,3,5
1788391621.3242188,1788391621.321043,7,1,3,5
1788391621.5039062,1788391621.501176,1,0,3,5
1788391621.6796875,1788391621.679601,9,0,3,5
1788391621.859375,1788391621.858965,6,0,3,5
1788391622.0429688,1788391622.039191,10,0,3,5
1788391622.21875,1788391622.218579,6,0,3,6
1788391622.4023438,1788391622.398949,11,0,3,6
1788391622.578125,1788391622.577252,12,0,3,6
1788391622.7578125,1788391622.757253,7,1,3,6
1788391622.9375,1788391622.936923,8,0,3,6
1788391623.1171875,1788391623.116046,5,0,3,6
1788391623.296875,1788391623.294568,4,1,3,6
1788391623.4765625,1788391623.473908,9,0,3,6
1788391623.65625,1788391623.654032,1,0,3,6
1788391623.8359375,1788391623.833829,10,0,3,6
1788391624.015625,1788391624.014718,2,0,3,6
1788391624.1953125,1788391624.194619,3,0,3,6
1788391624.375,1788391624.374842,6,0,3,7
1788391624.5585938,1788391624.55515,5,0,3,7
1788391624.7382812,1788391624.735623,4,1,3,7
1788391624.9179688,1788391624.915574,8,0,3,7
1788391625.0976562,1788391625.095914,7,1,3,7
1788391625.2773438,1788391625.275184,12,0,3,7
1788391625.4570312,1788391625.455153,9,0,3,7
1788391625.6367188,1788391625.634106,10,0,3,7
1788391625.8164062,1788391625.814391,1,0,3,7
1788391625.9960938,1788391625.994019,11,0,3,7
1788391626.1757812,1788391626.173798,2,0,3,7
1788391626.3554688,1788391626.353652,3,0,3,7
1788391626.5351562,1788391626.53396,7,1,3,8
1788391626.7148438,1788391626.712895,10,0,3,8
1788391626.8945312,1788391626.892102,11,0,3,8
1788391627.0742188,1788391627.072463,1,0,3,8
1788391627.2539062,1788391627.252113,3,0,3,8
1788391627.4335938,1788391627.431761,2,0,3,8
1788391627.6132812,1788391627.611209,9,0,3,8
1788391627.7929688,1788391627.791238,6,0,3,8
1788391627.9726562,1788391627.971224,4,1,3,8
1788391628.1523438,1788391628.15158,5,0,3,8
1788391628.3320312,1788391628.33181,12,0,3,8
1788391628.515625,1788391628.512527,8,0,3,8
1788391628.6953125,1788391628.692876,3,0,3,9
1788391628.875,1788391628.873633,1,0,3,9
1788391629.0546875,1788391629.054024,8,0,3,9
1788391629.234375,1788391629.234235,10,0,3,9
1788391629.4140625,1788391629.414052,7,1,3,9
1788391629.5976562,1788391629.59396,4,1,3,9
1788391629.7773438,1788391629.774387,11,0,3,9
1788391629.9570312,1788391629.954936,5,0,3,9
1788391630.1367188,1788391630.134785,2,0,3,9
1788391630.3164062,1788391630.314783,12,0,3,9
1788391630.4960938,1788391630.494607,6,0,3,9
1788391630.6757812,1788391630.674852,9,0,3,9
1788391630.8554688,1788391630.854635,11,0,3,10
1788391631.0351562,1788391631.034767,4,1,3,10
1788391631.21875,1788391631.215067,1,0,3,10
1788391631.3984375,1788391631.394622,6,0,3,10
1788391631.578125,1788391631.574845,8,0,3,10
1788391631.7578125,1788391631.754563,5,0,3,10
1788391631.9375,1788391631.934732,7,1,3,10
1788391632.1171875,1788391632.1153,3,0,3,10
1788391632.296875,1788391632.29565,10,0,3,10
1788391632.4765625,1788391632.47572,12,0,3,10
1788391632.65625,1788391632.654718,2,0,3,10
1788391632.8359375,1788391632.835114,9,0,3,10
1788391633.015625,1788391633.01531,7,1,3,11
1788391633.1953125,1788391633.194572,1,0,3,11
1788391633.375,1788391633.374602,2,0,3,11
1788391633.5546875,1788391633.554469,9,0,3,11
1788391633.7382812,1788391633.7348,3,0,3,11
1788391633.9140625,1788391633.912851,4,1,3,11
1788391634.09375,1788391634.092166,11,0,3,11
1788391634.2734375,1788391634.271637,12,0,3,11
1788391634.453125,1788391634.452122,5,0,3,11
1788391634.6328125,1788391634.632373,10,0,3,11
1788391634.8164062,1788391634.812698,6,0,3,11
1788391634.9921875,1788391634.99146,8,0,3,11
1788391635.171875,1788391635.171056,6,0,3,12
1788391635.3515625,1788391635.351439,2,0,3,12
1788391635.53125,1788391635.531171,9,0,3,12
1788391635.7148438,1788391635.711336,5,0,3,12
1788391635.8945312,1788391635.890701,4,1,3,12
1788391636.0703125,1788391636.068997,8,0,3,12
1788391636.25,1788391636.249279,12,0,3,12
1788391636.4296875,1788391636.429389,1,0,3,12
1788391636.609375,1788391636.609267,11,0,3,12
1788391636.7929688,1788391636.789436,3,0,3,12
1788391636.96875,1788391636.968514,10,0,3,12
1788391637.1484375,1788391637.147719,7,1,3,12
1788391637.328125,1788391637.327271,3,0,3,13
1788391637.5078125,1788391637.507792,5,0,3,13
1788391637.6914062,1788391637.688577,10,0,3,13
1788391637.8710938,1788391637.869031,1,0,3,13
1788391638.0507812,1788391638.049179,4,1,3,13
1788391638.2304688,1788391638.229381,9,0,3,13
1788391638.4101562,1788391638.40968,11,0,3,13
1788391638.5898438,1788391638.589718,8,0,3,13
1788391638.7734375,1788391638.770395,6,0,3,13
1788391638.953125,1788391638.949262,7,1,3,13
1788391639.1328125,1788391639.129479,2,0,3,13
1788391639.3125,1788391639.309124,12,0,3,13
1788391639.4921875,1788391639.489337,4,1,3,14
1788391639.671875,1788391639.669168,3,0,3,14
1788391639.8515625,1788391639.849351,9,0,3,14
1788391640.03125,1788391640.029542,8,0,3,14
1788391640.2109375,1788391640.209101,11,0,3,14
1788391640.390625,1788391640.388521,2,0,3,14
1788391640.5703125,1788391640.56929,6,0,3,14
1788391640.7539062,1788391640.750239,1,0,3,14
1788391640.9335938,1788391640.929793,5,0,3,14
1788391641.1132812,1788391641.109507,12,0,3,14
1788391641.2929688,1788391641.289725,10,0,3,14
1788391641.4726562,1788391641.469153,7,1,3,14
1788391641.6523438,1788391641.649603,11,0,3,15
1788391641.8320312,1788391641.829117,7,1,3,15
1788391642.0117188,1788391642.009881,9,0,3,15
1788391642.1914062,1788391642.191134,4,1,3,15
1788391642.375,1788391642.371551,5,0,3,15
1788391642.5546875,1788391642.552206,2,0,3,15
1788391642.734375,1788391642.731644,1,0,3,15
1788391642.9140625,1788391642.911326,12,0,3,15
1788391643.09375,1788391643.090533,6,0,3,15
1788391643.2695312,1788391643.269082,8,0,3,15
1788391643.453125,1788391643.449429,10,0,3,15
1788391643.6289062,1788391643.628695,3,0,3,15
1788391646.328125,1788391646.324257,7,0,4,1
1788391646.5078125,1788391646.504551,5,0,4,1
1788391646.6875,1788391646.683776,8,0,4,1
1788391646.8671875,1788391646.864329,6,1,4,1
1788391647.046875,1788391647.044602,12,1,4,1
1788391647.2265625,1788391647.224787,3,0,4,1
1788391647.40625,1788391647.404193,11,0,4,1
1788391647.5859375,1788391647.583609,1,0,4,1
1788391647.765625,1788391647.762839,4,0,4,1
1788391647.9453125,1788391647.94203,9,0,4,1
1788391648.125,1788391648.122478,2,0,4,1
1788391648.3046875,1788391648.302475,10,0,4,1
1788391648.484375,1788391648.482742,9,0,4,2
1788391648.6640625,1788391648.662605,11,0,4,2
1788391648.84375,1788391648.842304,3,0,4,2
1788391649.0234375,1788391649.021839,6,1,4,2
1788391649.203125,1788391649.202395,1,0,4,2
1788391649.3828125,1788391649.382493,7,0,4,2
1788391649.5625,1788391649.561271,10,0,4,2
1788391649.7421875,1788391649.741102,2,0,4,2
1788391649.921875,1788391649.921222,12,1,4,2
1788391650.1015625,1788391650.101562,5,0,4,2
1788391650.2851562,1788391650.281421,8,0,4,2
1788391650.4609375,1788391650.460789,4,0,4,2
1788391650.640625,1788391650.640549,6,1,4,3
1788391650.8242188,1788391650.820529,5,0,4,3
1788391651.0,1788391650.999189,12,1,4,3
1788391651.1796875,1788391651.178655,10,0,4,3
1788391651.359375,1788391651.358001,2,0,4,3
1788391651.5390625,1788391651.537917,4,0,4,3
1788391651.71875,1788391651.718255,7,0,4,3
1788391651.8984375,1788391651.898425,1,0,4,3
1788391652.078125,1788391652.077534,8,0,4,3
1788391652.2578125,1788391652.256498,11,0,4,3
1788391652.4375,1788391652.435852,9,0,4,3
1788391652.6171875,1788391652.614933,3,0,4,3
1788391652.796875,1788391652.794369,8,0,4,4
1788391652.9765625,1788391652.972986,3,0,4,4
1788391653.1523438,1788391653.150646,10,0,4,4
1788391653.3320312,1788391653.329182,5,0,4,4
1788391653.5078125,1788391653.507469,2,0,4,4
1788391653.6875,1788391653.685462,11,0,4,4
1788391653.8671875,1788391653.86428,9,0,4,4
1788391654.046875,1788391654.044461,1,0,4,4
1788391654.2265625,1788391654.224683,4,0,4,4
1788391654.40625,1788391654.40458,7,0,4,4
1788391654.5859375,1788391654.584772,6,1,4,4
1788391654.765625,1788391654.765235,12,1,4,4
1788391654.9453125,1788391654.944668,10,0,4,5
1788391655.125,1788391655.124646,11,0,4,5
1788391655.3046875,1788391655.304576,2,0,4,5
1788391655.4882812,1788391655.484805,5,0,4,5
1788391655.6679688,1788391655.665314,12,1,4,5
1788391655.8476562,1788391655.84475,9,0,4,5
1788391656.0273438,1788391656.024612,8,0,4,5
1788391656.2070312,1788391656.204295,1,0,4,5
1788391656.3867188,1788391656.382965,4,0,4,5
1788391656.5664062,1788391656.562887,6,1,4,5
1788391656.7460938,1788391656.74227,3,0,4,5
1788391656.9257812,1788391656.922605,7,0,4,5
1788391657.1054688,1788391657.102541,6,1,4,6
1788391657.2851562,1788391657.282728,8,0,4,6
1788391657.4648438,1788391657.462881,1,0,4,6
1788391657.6445312,1788391657.64253,12,1,4,6
1788391657.8242188,1788391657.821759,4,0,4,6
1788391658.0039062,1788391658.001529,10,0,4,6
1788391658.1835938,1788391658.181644,2,0,4,6
1788391658.3632812,1788391658.361319,9,0,4,6
1788391658.5429688,1788391658.540826,5,0,4,6
1788391658.7226562,1788391658.720899,7,0,4,6
1788391658.9023438,1788391658.89966,11,0,4,6
1788391659.078125,1788391659.078005,3,0,4,6
1788391659.2617188,1788391659.257945,1,0,4,7
1788391659.4414062,1788391659.437933,3,0,4,7
1788391659.6210938,1788391659.617305,2,0,4,7
1788391659.8007812,1788391659.798318,12,1,4,7
1788391659.9804688,1788391659.978207,10,0,4,7
1788391660.1601562,1788391660.157182,7,0,4,7
1788391660.3398438,1788391660.337268,5,0,4,7
1788391660.5195312,1788391660.516613,4,0,4,7
1788391660.6992188,1788391660.696747,6,1,4,7
1788391660.8789062,1788391660.876429,8,0,4,7
1788391661.0585938,1788391661.05608,9,0,4,7
1788391661.2382812,1788391661.235536,11,0,4,7
1788391661.4179688,1788391661.415742,3,0,4,8
1788391661.5976562,1788391661.594677,2,0,4,8
1788391661.7773438,1788391661.774521,10,0,4,8
1788391661.9570312,1788391661.954934,12,1,4,8
1788391662.1367188,1788391662.135444,4,0,4,8
1788391662.3164062,1788391662.315806,11,0,4,8
1788391662.4960938,1788391662.495828,6,1,4,8
1788391662.6757812,1788391662.675618,8,0,4,8
1788391662.859375,1788391662.855917,5,0,4,8
1788391663.0390625,1788391663.035927,7,0,4,8
1788391663.21875,1788391663.215654,9,0,4,8
1788391663.3984375,1788391663.395061,1,0,4,8
1788391663.578125,1788391663.57514,9,0,4,9
1788391663.7578125,1788391663.755115,1,0,4,9
1788391663.9375,1788391663.935231,4,0,4,9
1788391664.1171875,1788391664.115735,3,0,4,9
1788391664.296875,1788391664.294643,8,0,4,9
1788391664.4765625,1788391664.474605,6,1,4,9
1788391664.65625,1788391664.654046,5,0,4,9
1788391664.8359375,1788391664.834075,10,0,4,9
1788391665.015625,1788391665.014233,7,0,4,9
1788391665.1953125,1788391665.194246,2,0,4,9
1788391665.375,1788391665.374588,12,1,4,9
1788391665.5585938,1788391665.554757,11,0,4,9
1788391665.7382812,1788391665.735682,3,0,4,10
1788391665.9179688,1788391665.915847,11,0,4,10
1788391666.0976562,1788391666.096004,4,0,4,10
1788391666.2773438,1788391666.276156,12,1,4,10
1788391666.4570312,1788391666.456181,2,0,4,10
1788391666.6367188,1788391666.635869,9,0,4,10
1788391666.8164062,1788391666.816333,8,0,4,10
1788391667.0,1788391666.996312,10,0,4,10
1788391667.1796875,1788391667.176649,1,0,4,10
1788391667.359375,1788391667.35683,6,1,4,10
1788391667.5390625,1788391667.53593,5,0,4,10
1788391667.71875,1788391667.715508,7,0,4,10
1788391667.8945312,1788391667.894178,3,0,4,11
1788391668.0742188,1788391668.073453,5,0,4,11
1788391668.2539062,1788391668.253858,1,0,4,11
1788391668.4375,1788391668.434197,11,0,4,11
1788391668.6171875,1788391668.61453,7,0,4,11
1788391668.796875,1788391668.794214,8,0,4,11
1788391668.9765625,1788391668.975083,12,1,4,11
1788391669.15625,1788391669.15466,10,0,4,11
1788391669.3359375,1788391669.335062,6,1,4,11
1788391669.515625,1788391669.515266,9,0,4,11
1788391669.6953125,1788391669.694195,4,0,4,11
1788391669.875,1788391669.873909,2,0,4,11
1788391670.0546875,1788391670.054096,9,0,4,12
1788391670.2382812,1788391670.234418,10,0,4,12
1788391670.4140625,1788391670.41399,7,0,4,12
1788391670.5976562,1788391670.594334,1,0,4,12
1788391670.7773438,1788391670.774498,5,0,4,12
1788391670.9570312,1788391670.953679,2,0,4,12
1788391671.1367188,1788391671.133626,12,1,4,12
1788391671.3164062,1788391671.313266,6,1,4,12
1788391671.4921875,1788391671.491334,4,0,4,12
1788391671.671875,1788391671.67067,8,0,4,12
1788391671.8515625,1788391671.851008,3,0,4,12
1788391672.0351562,1788391672.031549,11,0,4,12
1788391672.2148438,1788391672.211317,8,0,4,13
1788391672.3945312,1788391672.391124,7,0,4,13
1788391672.5742188,1788391672.571282,3,0,4,13
1788391672.7539062,1788391672.752696,1,0,4,13
1788391672.9335938,1788391672.933157,12,1,4,13
1788391673.1132812,1788391673.112881,6,1,4,13
1788391673.296875,1788391673.293043,5,0,4,13
1788391673.4765625,1788391673.474015,2,0,4,13
1788391673.65625,1788391673.654268,9,0,4,13
1788391673.8359375,1788391673.832581,4,0,4,13
1788391674.0117188,1788391674.011355,11,0,4,13
1788391674.1914062,1788391674.191215,10,0,4,13
1788391674.375,1788391674.371674,1,0,4,14
1788391674.5546875,1788391674.551698,8,0,4,14
1788391674.734375,1788391674.731841,3,0,4,14
1788391674.9140625,1788391674.911683,11,0,4,14
1788391675.09375,1788391675.090387,12,1,4,14
1788391675.2734375,1788391675.270574,2,0,4,14
1788391675.453125,1788391675.450219,6,1,4,14
1788391675.6328125,1788391675.629552,9,0,4,14
1788391675.8125,1788391675.809766,7,0,4,14
1788391675.9921875,1788391675.98919,10,0,4,14
1788391676.171875,1788391676.169246,4,0,4,14
1788391676.3515625,1788391676.348752,5,0,4,14
1788391676.53125,1788391676.529283,1,0,4,15
1788391676.7109375,1788391676.70835,11,0,4,15
1788391676.890625,1788391676.887721,10,0,4,15
1788391677.0703125,1788391677.068054,3,0,4,15
1788391677.25,1788391677.248331,5,0,4,15
1788391677.4296875,1788391677.428053,7,0,4,15
1788391677.609375,1788391677.608091,12,1,4,15
1788391677.7890625,1788391677.785878,9,0,4,15
1788391677.96875,1788391677.965337,2,0,4,15
1788391678.1484375,1788391678.144725,4,0,4,15
1788391678.328125,1788391678.324573,8,0,4,15
1788391678.5078125,1788391678.505196,6,1,4,15
1788391681.1953125,1788391681.193252,2,0,5,1
1788391681.375,1788391681.373588,3,0,5,1
1788391681.5546875,1788391681.552934,10,0,5,1
1788391681.734375,1788391681.733236,1,0,5,1
1788391681.9140625,1788391681.913397,5,0,5,1
1788391682.09375,1788391682.093167,7,1,5,1
1788391682.2734375,1788391682.27337,11,0,5,1
1788391682.4570312,1788391682.453349,4,0,5,1
1788391682.6367188,1788391682.633675,6,1,5,1
1788391682.8164062,1788391682.812886,9,0,5,1
1788391682.9960938,1788391682.992214,8,0,5,1
1788391683.1757812,1788391683.172426,12,0,5,1
1788391683.3554688,1788391683.351852,5,0,5,2
1788391683.5351562,1788391683.531648,4,0,5,2
1788391683.7148438,1788391683.711674,2,0,5,2
1788391683.8945312,1788391683.891434,10,0,5,2
1788391684.0742188,1788391684.070701,11,0,5,2
1788391684.25,1788391684.249241,7,1,5,2
1788391684.4296875,1788391684.427226,6,1,5,2
1788391684.609375,1788391684.606302,8,0,5,2
1788391684.7890625,1788391684.78539,1,0,5,2
1788391684.9648438,1788391684.963782,12,0,5,2
1788391685.1445312,1788391685.144319,3,0,5,2
1788391685.328125,1788391685.32459,9,0,5,2
1788391685.5039062,1788391685.503821,2,0,5,3
1788391685.6835938,1788391685.683356,5,0,5,3
1788391685.8632812,1788391685.8631,7,1,5,3
1788391686.0429688,1788391686.041827,3,0,5,3
1788391686.2226562,1788391686.221899,1,0,5,3
1788391686.40625,1788391686.402404,9,0,5,3
1788391686.5859375,1788391686.582873,6,1,5,3
1788391686.765625,1788391686.762999,12,0,5,3
1788391686.9453125,1788391686.943312,4,0,5,3
1788391687.125,1788391687.123401,10,0,5,3
1788391687.3046875,1788391687.303535,11,0,5,3
1788391687.484375,1788391687.483639,8,0,5,3
1788391687.6640625,1788391687.662953,7,1,5,4
1788391687.84375,1788391687.842376,6,1,5,4
1788391688.0234375,1788391688.021844,3,0,5,4
1788391688.203125,1788391688.202298,9,0,5,4
1788391688.3828125,1788391688.381602,11,0,5,4
1788391688.5625,1788391688.561033,1,0,5,4
1788391688.7421875,1788391688.741678,5,0,5,4
1788391688.9257812,1788391688.922127,10,0,5,4
1788391689.1054688,1788391689.10157,4,0,5,4
1788391689.2851562,1788391689.281813,8,0,5,4
1788391689.4609375,1788391689.460503,12,0,5,4
1788391689.640625,1788391689.640584,2,0,5,4
1788391689.8242188,1788391689.821022,9,0,5,5
1788391690.0039062,1788391690.000786,10,0,5,5
1788391690.1835938,1788391690.181066,12,0,5,5
1788391690.3632812,1788391690.361265,1,0,5,5
1788391690.5429688,1788391690.542075,8,0,5,5
1788391690.7226562,1788391690.722369,3,0,5,5
1788391690.90625,1788391690.902528,7,1,5,5
1788391691.0859375,1788391691.082675,4,0,5,5
1788391691.265625,1788391691.262928,6,1,5,5
1788391691.4453125,1788391691.442916,2,0,5,5
1788391691.625,1788391691.623436,5,0,5,5
1788391691.8046875,1788391691.803506,11,0,5,5
1788391691.984375,1788391691.982404,8,0,5,6
1788391692.1640625,1788391692.161442,9,0,5,6
1788391692.34375,1788391692.341529,1,0,5,6
1788391692.5234375,1788391692.521311,10,0,5,6
1788391692.703125,1788391692.701473,5,0,5,6
1788391692.8828125,1788391692.880862,7,1,5,6
1788391693.0625,1788391693.061073,2,0,5,6
1788391693.2421875,1788391693.2414,6,1,5,6
1788391693.421875,1788391693.421327,12,0,5,6
1788391693.6054688,1788391693.601879,3,0,5,6
1788391693.7851562,1788391693.782127,4,0,5,6
1788391693.9648438,1788391693.962579,11,0,5,6
1788391694.1445312,1788391694.142945,9,0,5,7
1788391694.3242188,1788391694.323248,3,0,5,7
1788391694.5039062,1788391694.502741,6,1,5,7
1788391694.6835938,1788391694.683282,8,0,5,7
1788391694.8632812,1788391694.863053,1,0,5,7
1788391695.0429688,1788391695.042739,10,0,5,7
1788391695.2265625,1788391695.222659,11,0,5,7
1788391695.40625,1788391695.402766,2,0,5,7
1788391695.5859375,1788391695.583178,12,0,5,7
1788391695.765625,1788391695.763516,7,1,5,7
1788391695.9453125,1788391695.943122,5,0,5,7
1788391696.125,1788391696.123532,4,0,5,7
1788391696.3046875,1788391696.302688,2,0,5,8
1788391696.484375,1788391696.482921,4,0,5,8
1788391696.6640625,1788391696.663217,10,0,5,8
1788391696.84375,1788391696.842565,3,0,5,8
1788391697.0234375,1788391697.022743,11,0,5,8
1788391697.203125,1788391697.202738,9,0,5,8
1788391697.3828125,1788391697.382671,1,0,5,8
1788391697.5664062,1788391697.562946,6,1,5,8
1788391697.7460938,1788391697.743259,5,0,5,8
1788391697.9257812,1788391697.923507,7,1,5,8
1788391698.1054688,1788391698.103801,8,0,5,8
1788391698.2851562,1788391698.283423,12,0,5,8
1788391698.4648438,1788391698.463801,2,0,5,9
1788391698.6445312,1788391698.643628,3,0,5,9
1788391698.8242188,1788391698.823629,10,0,5,9
1788391699.0039062,1788391699.002679,7,1,5,9
1788391699.1835938,1788391699.182957,1,0,5,9
1788391699.3632812,1788391699.363127,11,0,5,9
1788391699.5429688,1788391699.542695,12,0,5,9
1788391699.7226562,1788391699.721328,5,0,5,9
1788391699.9023438,1788391699.901944,6,1,5,9
1788391700.0859375,1788391700.08232,4,0,5,9
1788391700.265625,1788391700.262268,8,0,5,9
1788391700.4453125,1788391700.441854,9,0,5,9
1788391700.625,1788391700.621339,3,0,5,10
1788391700.8046875,1788391700.801663,9,0,5,10
1788391700.984375,1788391700.982147,10,0,5,10
1788391701.1640625,1788391701.161495,2,0,5,10
1788391701.34375,1788391701.341242,11,0,5,10
1788391701.5234375,1788391701.52167,7,1,5,10
1788391701.703125,1788391701.702097,12,0,5,10
1788391701.8828125,1788391701.882057,6,1,5,10
1788391702.0625,1788391702.061568,8,0,5,10
1788391702.2421875,1788391702.241554,4,0,5,10
1788391702.421875,1788391702.421337,5,0,5,10
1788391702.6054688,1788391702.601632,1,0,5,10
1788391702.78125,1788391702.781156,4,0,5,11
1788391702.9648438,1788391702.961552,12,0,5,11
1788391703.1445312,1788391703.141139,2,0,5,11
1788391703.3242188,1788391703.321356,9,0,5,11
1788391703.5039062,1788391703.501952,3,0,5,11
1788391703.6835938,1788391703.682282,1,0,5,11
1788391703.8632812,1788391703.862632,8,0,5,11
1788391704.0429688,1788391704.042229,7,1,5,11
1788391704.2226562,1788391704.222459,6,1,5,11
1788391704.4023438,1788391704.402007,11,0,5,11
1788391704.5859375,1788391704.582277,10,0,5,11
1788391704.7617188,1788391704.761532,5,0,5,11
1788391704.9453125,1788391704.941596,3,0,5,12
1788391705.125,1788391705.12138,8,0,5,12
1788391705.3046875,1788391705.301635,1,0,5,12
1788391705.484375,1788391705.481321,11,0,5,12
1788391705.6640625,1788391705.66149,10,0,5,12
1788391705.84375,1788391705.841459,12,0,5,12
1788391706.0234375,1788391706.021444,7,1,5,12
1788391706.203125,1788391706.202251,6,1,5,12
1788391706.3828125,1788391706.382649,4,0,5,12
1788391706.5625,1788391706.561852,5,0,5,12
1788391706.7421875,1788391706.741459,9,0,5,12
1788391706.921875,1788391706.92112,2,0,5,12
1788391707.1015625,1788391707.100739,11,0,5,13
1788391707.28125,1788391707.28094,2,0,5,13
1788391707.4609375,1788391707.460858,4,0,5,13
1788391707.6445312,1788391707.640967,12,0,5,13
1788391707.8242188,1788391707.821118,1,0,5,13
1788391708.0039062,1788391708.001454,5,0,5,13
1788391708.1835938,1788391708.181809,7,1,5,13
1788391708.3632812,1788391708.361583,9,0,5,13
1788391708.5429688,1788391708.541308,8,0,5,13
1788391708.7226562,1788391708.721393,10,0,5,13
1788391708.9023438,1788391708.901546,6,1,5,13
1788391709.0820312,1788391709.081602,3,0,5,13
1788391709.2617188,1788391709.261043,1,0,5,14
1788391709.4414062,1788391709.439466,11,0,5,14
1788391709.6210938,1788391709.618491,10,0,5,14
1788391709.8007812,1788391709.798532,4,0,5,14
1788391709.9804688,1788391709.978233,8,0,5,14
1788391710.1601562,1788391710.157032,5,0,5,14
1788391710.3398438,1788391710.337275,12,0,5,14
1788391710.5195312,1788391710.517419,6,1,5,14
1788391710.6992188,1788391710.697641,9,0,5,14
1788391710.8789062,1788391710.877826,2,0,5,14
1788391711.0585938,1788391711.058046,3,0,5,14
1788391711.2382812,1788391711.238049,7,1,5,14
1788391711.421875,1788391711.418327,12,0,5,15
1788391711.6015625,1788391711.599001,11,0,5,15
1788391711.78125,1788391711.778287,4,0,5,15
1788391711.9609375,1788391711.958115,9,0,5,15
1788391712.140625,1788391712.137733,1,0,5,15
1788391712.3203125,1788391712.317405,6,1,5,15
1788391712.5,1788391712.497445,8,0,5,15
1788391712.6796875,1788391712.676834,5,0,5,15
1788391712.859375,1788391712.857031,3,0,5,15
1788391713.0390625,1788391713.037175,2,0,5,15
1788391713.21875,1788391713.217075,7,1,5,15
1788391713.3984375,1788391713.39736,10,0,5,15
1788391716.0859375,1788391716.084319,4,0,6,1
1788391716.265625,1788391716.26481,3,1,6,1
1788391716.4453125,1788391716.444973,8,0,6,1
1788391716.625,1788391716.624857,10,0,6,1
1788391716.8046875,1788391716.804681,12,0,6,1
1788391716.9882812,1788391716.984864,6,0,6,1
1788391717.1679688,1788391717.165259,7,0,6,1
1788391717.3476562,1788391717.344675,5,0,6,1
1788391717.5273438,1788391717.525059,9,1,6,1
1788391717.7070312,1788391717.705307,1,0,6,1
1788391717.8867188,1788391717.88482,2,0,6,1
1788391718.0664062,1788391718.065374,11,0,6,1
1788391718.2460938,1788391718.2449,9,1,6,2
1788391718.4257812,1788391718.424402,1,0,6,2
1788391718.6054688,1788391718.60386,6,0,6,2
1788391718.7851562,1788391718.784328,5,0,6,2
1788391718.9648438,1788391718.964733,7,0,6,2
1788391719.1484375,1788391719.144949,8,0,6,2
1788391719.328125,1788391719.324788,2,0,6,2
1788391719.5078125,1788391719.504775,11,0,6,2
1788391719.6875,1788391719.685155,12,0,6,2
1788391719.8671875,1788391719.865453,10,0,6,2
1788391720.046875,1788391720.045088,4,0,6,2
1788391720.2265625,1788391720.224912,3,1,6,2
1788391720.40625,1788391720.404711,5,0,6,3
1788391720.5859375,1788391720.585045,4,0,6,3
1788391720.765625,1788391720.764986,11,0,6,3
1788391720.9453125,1788391720.944951,6,0,6,3
1788391721.125,1788391721.124982,12,0,6,3
1788391721.3085938,1788391721.305508,9,1,6,3
1788391721.4882812,1788391721.484864,3,1,6,3
1788391721.6679688,1788391721.665181,2,0,6,3
1788391721.8476562,1788391721.844959,10,0,6,3
1788391722.0273438,1788391722.024938,1,0,6,3
1788391722.2070312,1788391722.204886,8,0,6,3
1788391722.3867188,1788391722.385123,7,0,6,3
1788391722.5664062,1788391722.56524,9,1,6,4
1788391722.7460938,1788391722.744951,12,0,6,4
1788391722.9257812,1788391722.925168,11,0,6,4
1788391723.1054688,1788391723.104833,5,0,6,4
1788391723.2890625,1788391723.285157,4,0,6,4
1788391723.46875,1788391723.465276,8,0,6,4
1788391723.6484375,1788391723.644972,1,0,6,4
1788391723.828125,1788391723.824796,7,0,6,4
1788391724.0078125,1788391724.004398,6,0,6,4
1788391724.1875,1788391724.184183,3,1,6,4
1788391724.3671875,1788391724.364231,2,0,6,4
1788391724.546875,1788391724.5445,10,0,6,4
1788391724.7265625,1788391724.724781,12,0,6,5
1788391724.90625,1788391724.904799,4,0,6,5
1788391725.0859375,1788391725.084761,8,0,6,5
1788391725.265625,1788391725.263206,9,1,6,5
1788391725.4453125,1788391725.442694,6,0,6,5
1788391725.625,1788391725.622071,11,0,6,5
1788391725.8046875,1788391725.801643,2,0,6,5
1788391725.984375,1788391725.981459,7,0,6,5
1788391726.1640625,1788391726.161647,5,0,6,5
1788391726.34375,1788391726.34152,3,1,6,5
1788391726.5234375,1788391726.521852,1,0,6,5
1788391726.703125,1788391726.702237,10,0,6,5
1788391726.8828125,1788391726.882434,8,0,6,6
1788391727.0664062,1788391727.06269,2,0,6,6
1788391727.2460938,1788391727.242917,12,0,6,6
1788391727.4257812,1788391727.423216,1,0,6,6
1788391727.6054688,1788391727.602748,11,0,6,6
1788391727.7851562,1788391727.782985,3,1,6,6
1788391727.9648438,1788391727.963215,4,0,6,6
1788391728.1445312,1788391728.143384,5,0,6,6
1788391728.3242188,1788391728.323795,10,0,6,6
1788391728.5039062,1788391728.50279,7,0,6,6
1788391728.6835938,1788391728.682152,6,0,6,6
1788391728.8632812,1788391728.861681,9,1,6,6
1788391729.0429688,1788391729.041661,12,0,6,7
1788391729.2226562,1788391729.221531,6,0,6,7
1788391729.4023438,1788391729.401328,7,0,6,7
1788391729.5820312,1788391729.581571,1,0,6,7
1788391729.7617188,1788391729.761682,8,0,6,7
1788391729.9453125,1788391729.941608,11,0,6,7
1788391730.125,1788391730.121496,5,0,6,7
1788391730.3046875,1788391730.301109,2,0,6,7
1788391730.4804688,1788391730.479795,9,1,6,7
1788391730.6640625,1788391730.660549,4,0,6,7
1788391730.84375,1788391730.841733,10,0,6,7
1788391731.0234375,1788391731.020072,3,1,6,7
1788391731.203125,1788391731.199959,1,0,6,8
1788391731.3828125,1788391731.379494,8,0,6,8
1788391731.5625,1788391731.559107,10,0,6,8
1788391731.7421875,1788391731.738752,3,1,6,8
1788391731.921875,1788391731.918719,4,0,6,8
1788391732.1015625,1788391732.098695,12,0,6,8
1788391732.28125,1788391732.279448,9,1,6,8
1788391732.4609375,1788391732.459678,5,0,6,8
1788391732.640625,1788391732.639188,7,0,6,8
1788391732.8203125,1788391732.81944,6,0,6,8
1788391733.0,1788391732.998838,11,0,6,8
1788391733.1796875,1788391733.178362,2,0,6,8
1788391733.359375,1788391733.358134,10,0,6,9
1788391733.5390625,1788391733.538215,5,0,6,9
1788391733.71875,1788391733.718491,6,0,6,9
1788391733.9023438,1788391733.898874,12,0,6,9
1788391734.0820312,1788391734.078358,11,0,6,9
1788391734.2617188,1788391734.258302,9,1,6,9
1788391734.4414062,1788391734.437906,2,0,6,9
1788391734.6210938,1788391734.618256,4,0,6,9
1788391734.8007812,1788391734.798504,3,1,6,9
1788391734.9804688,1788391734.978713,7,0,6,9
1788391735.1601562,1788391735.158289,1,0,6,9
1788391735.3398438,1788391735.338237,8,0,6,9
1788391735.5195312,1788391735.51785,2,0,6,10
1788391735.6992188,1788391735.698167,5,0,6,10
1788391735.8789062,1788391735.876315,3,1,6,10
1788391736.0585938,1788391736.057047,1,0,6,10
1788391736.2382812,1788391736.237378,8,0,6,10
1788391736.4179688,1788391736.417647,10,0,6,10
1788391736.5976562,1788391736.596533,7,0,6,10
1788391736.7773438,1788391736.776927,9,1,6,10
1788391736.9570312,1788391736.956815,12,0,6,10
1788391737.1367188,1788391737.136238,6,0,6,10
1788391737.3164062,1788391737.315801,4,0,6,10
1788391737.5,1788391737.496656,11,0,6,10
1788391737.6796875,1788391737.676947,7,0,6,11
1788391737.859375,1788391737.856599,5,0,6,11
1788391738.0390625,1788391738.036193,4,0,6,11
1788391738.21875,1788391738.216515,6,0,6,11
1788391738.3984375,1788391738.396516,10,0,6,11
1788391738.578125,1788391738.57623,8,0,6,11
1788391738.7578125,1788391738.756529,9,1,6,11
1788391738.9375,1788391738.936181,12,0,6,11
1788391739.1171875,1788391739.116202,3,1,6,11
1788391739.296875,1788391739.296407,11,0,6,11
1788391739.4765625,1788391739.475983,2,0,6,11
1788391739.6601562,1788391739.656268,1,0,6,11
1788391739.8398438,1788391739.836315,6,0,6,12
1788391740.0195312,1788391740.016843,5,0,6,12
1788391740.1992188,1788391740.19648,3,1,6,12
1788391740.3789062,1788391740.376073,10,0,6,12
1788391740.5585938,1788391740.555905,2,0,6,12
1788391740.7382812,1788391740.736213,8,0,6,12
1788391740.9179688,1788391740.915628,11,0,6,12
1788391741.0976562,1788391741.095019,4,0,6,12
1788391741.2773438,1788391741.274328,1,0,6,12
1788391741.4570312,1788391741.454626,9,1,6,12
1788391741.6367188,1788391741.634671,7,0,6,12
1788391741.8164062,1788391741.813575,12,0,6,12
1788391741.9960938,1788391741.992809,8,0,6,13
1788391742.1757812,1788391742.172968,1,0,6,13
1788391742.3554688,1788391742.352866,6,0,6,13
1788391742.5351562,1788391742.533358,9,1,6,13
1788391742.7148438,1788391742.713215,10,0,6,13
1788391742.8945312,1788391742.893705,7,0,6,13
1788391743.078125,1788391743.074321,3,1,6,13
1788391743.2578125,1788391743.254707,4,0,6,13
1788391743.4375,1788391743.435469,5,0,6,13
1788391743.6171875,1788391743.614834,2,0,6,13
1788391743.796875,1788391743.795024,12,0,6,13
1788391743.9765625,1788391743.97494,11,0,6,13
1788391744.15625,1788391744.155047,8,0,6,14
1788391744.3359375,1788391744.335349,7,0,6,14
1788391744.5195312,1788391744.515695,11,0,6,14
1788391744.6953125,1788391744.694169,5,0,6,14
1788391744.875,1788391744.874452,9,1,6,14
1788391745.0546875,1788391745.054389,1,0,6,14
1788391745.2382812,1788391745.234612,3,1,6,14
1788391745.4179688,1788391745.414846,2,0,6,14
1788391745.5976562,1788391745.595102,6,0,6,14
1788391745.7734375,1788391745.773406,12,0,6,14
1788391745.953125,1788391745.952596,10,0,6,14
1788391746.1328125,1788391746.132398,4,0,6,14
1788391746.3125,1788391746.311704,1,0,6,15
1788391746.4921875,1788391746.491599,7,0,6,15
1788391746.671875,1788391746.671414,4,0,6,15
1788391746.8554688,1788391746.851637,2,0,6,15
1788391747.03125,1788391747.030994,9,1,6,15
1788391747.2148438,1788391747.211272,3,1,6,15
1788391747.3945312,1788391747.390953,10,0,6,15
1788391747.5742188,1788391747.571207,8,0,6,15
1788391747.7539062,1788391747.751596,12,0,6,15
1788391747.9335938,1788391747.931601,6,0,6,15
1788391748.1132812,1788391748.111356,5,0,6,15
1788391748.2929688,1788391748.291728,11,0,6,15
1788391750.9804688,1788391750.979136,12,0,7,1
1788391751.1601562,1788391751.15927,5,0,7,1
1788391751.3398438,1788391751.339509,1,0,7,1
1788391751.5234375,1788391751.519688,8,0,7,1
1788391751.6992188,1788391751.699074,10,0,7,1
1788391751.8789062,1788391751.878797,4,0,7,1
1788391752.0625,1788391752.059196,11,0,7,1
1788391752.2421875,1788391752.238759,2,0,7,1
1788391752.421875,1788391752.418483,3,1,7,1
1788391752.6015625,1788391752.599061,7,1,7,1
1788391752.78125,1788391752.779459,9,0,7,1
1788391752.9609375,1788391752.959876,6,0,7,1
1788391753.140625,1788391753.13964,3,1,7,2
1788391753.3203125,1788391753.319581,9,0,7,2
1788391753.5,1788391753.499327,11,0,7,2
1788391753.6796875,1788391753.679537,1,0,7,2
1788391753.8632812,1788391753.859791,5,0,7,2
1788391754.0390625,1788391754.03826,12,0,7,2
1788391754.21875,1788391754.2178,8,0,7,2
1788391754.3984375,1788391754.39806,4,0,7,2
1788391754.578125,1788391754.578021,10,0,7,2
1788391754.7617188,1788391754.757866,2,0,7,2
1788391754.9414062,1788391754.937564,7,1,7,2
1788391755.1210938,1788391755.117571,6,0,7,2
1788391755.296875,1788391755.296614,4,0,7,3
1788391755.4765625,1788391755.47613,9,0,7,3
1788391755.65625,1788391755.65544,6,0,7,3
1788391755.8359375,1788391755.835721,12,0,7,3
1788391756.0195312,1788391756.015711,1,0,7,3
1788391756.1992188,1788391756.196255,10,0,7,3
1788391756.3789062,1788391756.376383,2,0,7,3
1788391756.5585938,1788391756.554868,7,1,7,3
1788391756.7382812,1788391756.735458,5,0,7,3
1788391756.9179688,1788391756.915875,3,1,7,3
1788391757.0976562,1788391757.096215,11,0,7,3
1788391757.2773438,1788391757.275896,8,0,7,3
1788391757.4570312,1788391757.456185,2,0,7,4
1788391757.6367188,1788391757.635024,8,0,7,4
1788391757.8164062,1788391757.814367,5,0,7,4
1788391757.9960938,1788391757.994606,10,0,7,4
1788391758.1757812,1788391758.174017,9,0,7,4
1788391758.3554688,1788391758.354395,12,0,7,4
1788391758.5351562,1788391758.533729,3,1,7,4
1788391758.7148438,1788391758.713224,4,0,7,4
1788391758.8945312,1788391758.893217,6,0,7,4
1788391759.0742188,1788391759.073552,11,0,7,4
1788391759.2539062,1788391759.252966,7,1,7,4
1788391759.4335938,1788391759.43318,1,0,7,4
1788391759.6132812,1788391759.613187,10,0,7,5
1788391759.7929688,1788391759.792668,8,0,7,5
1788391759.9726562,1788391759.971811,5,0,7,5
1788391760.1523438,1788391760.151956,12,0,7,5
1788391760.3320312,1788391760.331547,7,1,7,5
1788391760.515625,1788391760.511782,3,1,7,5
1788391760.6953125,1788391760.691991,2,0,7,5
1788391760.875,1788391760.872163,1,0,7,5
1788391761.0507812,1788391761.050615,9,0,7,5
1788391761.2304688,1788391761.229881,6,0,7,5
1788391761.4101562,1788391761.409637,4,0,7,5
1788391761.59375,1788391761.589885,11,0,7,5
1788391761.7734375,1788391761.769657,10,0,7,6
1788391761.953125,1788391761.950208,9,0,7,6
1788391762.1328125,1788391762.12992,7,1,7,6
1788391762.3125,1788391762.309547,3,1,7,6
1788391762.4921875,1788391762.490007,5,0,7,6
1788391762.671875,1788391762.669565,6,0,7,6
1788391762.8515625,1788391762.849721,1,0,7,6
1788391763.03125,1788391763.029932,12,0,7,6
1788391763.2109375,1788391763.209214,4,0,7,6
1788391763.390625,1788391763.388781,8,0,7,6
1788391763.5703125,1788391763.568996,2,0,7,6
1788391763.75,1788391763.748706,11,0,7,6
1788391763.9296875,1788391763.928481,9,0,7,7
1788391764.109375,1788391764.108303,2,0,7,7
1788391764.2890625,1788391764.288499,7,1,7,7
1788391764.46875,1788391764.46818,3,1,7,7
1788391764.6523438,1788391764.648499,11,0,7,7
1788391764.828125,1788391764.827913,6,0,7,7
1788391765.0117188,1788391765.008242,10,0,7,7
1788391765.1914062,1788391765.188306,1,0,7,7
1788391765.3710938,1788391765.368612,4,0,7,7
1788391765.5507812,1788391765.547944,5,0,7,7
1788391765.7304688,1788391765.727787,8,0,7,7
1788391765.9101562,1788391765.908094,12,0,7,7
1788391766.0898438,1788391766.088001,6,0,7,8
1788391766.2695312,1788391766.267367,1,0,7,8
1788391766.4492188,1788391766.448046,7,1,7,8
1788391766.6289062,1788391766.627976,5,0,7,8
1788391766.8085938,1788391766.807669,9,0,7,8
1788391766.9882812,1788391766.987661,8,0,7,8
1788391767.1679688,1788391767.167448,4,0,7,8
1788391767.3515625,1788391767.347718,2,0,7,8
1788391767.53125,1788391767.527984,12,0,7,8
1788391767.7109375,1788391767.708082,11,0,7,8
1788391767.890625,1788391767.888254,3,1,7,8
1788391768.0703125,1788391768.068878,10,0,7,8
1788391768.25,1788391768.249176,8,0,7,9
1788391768.4296875,1788391768.428689,4,0,7,9
1788391768.609375,1788391768.608421,2,0,7,9
1788391768.7890625,1788391768.788269,3,1,7,9
1788391768.9726562,1788391768.968817,1,0,7,9
1788391769.1484375,1788391769.147653,12,0,7,9
1788391769.328125,1788391769.327104,6,0,7,9
1788391769.5078125,1788391769.506799,11,0,7,9
1788391769.6875,1788391769.686313,5,0,7,9
1788391769.8671875,1788391769.866537,7,1,7,9
1788391770.046875,1788391770.046574,9,0,7,9
1788391770.2265625,1788391770.225848,10,0,7,9
1788391770.40625,1788391770.4061,4,0,7,10
1788391770.5898438,1788391770.586358,9,0,7,10
1788391770.7695312,1788391770.766724,8,0,7,10
1788391770.9492188,1788391770.946579,5,0,7,10
1788391771.1289062,1788391771.126551,12,0,7,10
1788391771.3085938,1788391771.307176,10,0,7,10
1788391771.4882812,1788391771.487486,3,1,7,10
1788391771.6679688,1788391771.666672,6,0,7,10
1788391771.8476562,1788391771.846288,11,0,7,10
1788391772.0273438,1788391772.02656,7,1,7,10
1788391772.2070312,1788391772.206757,2,0,7,10
1788391772.3867188,1788391772.38637,1,0,7,10
1788391772.5703125,1788391772.566663,2,0,7,11
1788391772.75,1788391772.746613,3,1,7,11
1788391772.9296875,1788391772.926838,11,0,7,11
1788391773.109375,1788391773.106177,4,0,7,11
1788391773.2890625,1788391773.286344,8,0,7,11
1788391773.46875,1788391773.466512,12,0,7,11
1788391773.6484375,1788391773.645873,9,0,7,11
1788391773.828125,1788391773.826117,5,0,7,11
1788391774.0078125,1788391774.006314,6,0,7,11
1788391774.1875,1788391774.18641,7,1,7,11
1788391774.3671875,1788391774.36576,10,0,7,11
1788391774.546875,1788391774.545225,1,0,7,11
1788391774.7265625,1788391774.72556,3,1,7,12
1788391774.90625,1788391774.905595,10,0,7,12
1788391775.0859375,1788391775.085736,12,0,7,12
1788391775.2695312,1788391775.265657,7,1,7,12
1788391775.4453125,1788391775.445149,9,0,7,12
1788391775.625,1788391775.624906,1,0,7,12
1788391775.8085938,1788391775.805107,11,0,7,12
1788391775.9882812,1788391775.985413,4,0,7,12
1788391776.1679688,1788391776.164827,5,0,7,12
1788391776.3476562,1788391776.344657,2,0,7,12
1788391776.5273438,1788391776.524934,8,0,7,12
1788391776.7070312,1788391776.705142,6,0,7,12
1788391776.8867188,1788391776.885455,10,0,7,13
1788391777.0664062,1788391777.064361,3,1,7,13
1788391777.2460938,1788391777.242691,2,0,7,13
1788391777.4257812,1788391777.422791,8,0,7,13
1788391777.6054688,1788391777.602754,12,0,7,13
1788391777.7851562,1788391777.783785,6,0,7,13
1788391777.9648438,1788391777.963823,9,0,7,13
1788391778.1445312,1788391778.144223,11,0,7,13
1788391778.328125,1788391778.324496,5,0,7,13
1788391778.5078125,1788391778.504744,1,0,7,13
1788391778.6875,1788391778.685109,4,0,7,13
1788391778.8671875,1788391778.865389,7,1,7,13
1788391779.046875,1788391779.045214,6,0,7,14
1788391779.2265625,1788391779.224962,4,0,7,14
1788391779.40625,1788391779.404886,2,0,7,14
1788391779.5859375,1788391779.584692,1,0,7,14
1788391779.765625,1788391779.764987,3,1,7,14
1788391779.9453125,1788391779.944708,12,0,7,14
1788391780.125,1788391780.124972,11,0,7,14
1788391780.3085938,1788391780.305228,10,0,7,14
1788391780.4882812,1788391780.484712,9,0,7,14
1788391780.6679688,1788391780.664566,7,1,7,14
1788391780.8476562,1788391780.844265,8,0,7,14
1788391781.0273438,1788391781.024357,5,0,7,14
1788391781.2070312,1788391781.204677,3,1,7,15
1788391781.3867188,1788391781.384705,7,1,7,15
1788391781.5664062,1788391781.564364,5,0,7,15
1788391781.7460938,1788391781.744574,11,0,7,15
1788391781.9257812,1788391781.924848,8,0,7,15
1788391782.1054688,1788391782.105126,2,0,7,15
1788391782.2890625,1788391782.285303,1,0,7,15
1788391782.46875,1788391782.465524,10,0,7,15
1788391782.6484375,1788391782.645261,4,0,7,15
1788391782.828125,1788391782.8249,12,0,7,15
1788391783.0078125,1788391783.004948,9,0,7,15
1788391783.1875,1788391783.185271,6,0,7,15
1788391785.875,1788391785.874093,2,0,8,1
1788391786.0546875,1788391786.054404,9,0,8,1
1788391786.234375,1788391786.233982,4,0,8,1
1788391786.4140625,1788391786.413906,5,0,8,1
1788391786.59375,1788391786.593327,1,0,8,1
1788391786.7773438,1788391786.773849,12,0,8,1
1788391786.953125,1788391786.953118,11,0,8,1
1788391787.1367188,1788391787.133048,6,0,8,1
1788391787.3125,1788391787.31195,3,1,8,1
1788391787.4921875,1788391787.491552,10,1,8,1
1788391787.671875,1788391787.670923,8,0,8,1
1788391787.8515625,1788391787.851192,7,0,8,1
1788391788.03125,1788391788.031157,2,0,8,2
1788391788.2148438,1788391788.211005,1,0,8,2
1788391788.3945312,1788391788.390888,9,0,8,2
1788391788.5742188,1788391788.570511,8,0,8,2
1788391788.75,1788391788.749195,5,0,8,2
1788391788.9296875,1788391788.928446,6,0,8,2
1788391789.109375,1788391789.108587,7,0,8,2
1788391789.2890625,1788391789.288332,10,1,8,2
1788391789.46875,1788391789.467758,3,1,8,2
1788391789.6484375,1788391789.648027,12,0,8,2
1788391789.828125,1788391789.827391,4,0,8,2
1788391790.0078125,1788391790.00766,11,0,8,2
1788391790.1875,1788391790.18727,2,0,8,3
1788391790.3671875,1788391790.366683,7,0,8,3
1788391790.546875,1788391790.543219,3,1,8,3
1788391790.7226562,1788391790.721545,4,0,8,3
1788391790.9023438,1788391790.902068,9,0,8,3
1788391791.0820312,1788391791.081551,10,1,8,3
1788391791.2617188,1788391791.260045,5,0,8,3
1788391791.4414062,1788391791.439855,8,0,8,3
1788391791.6210938,1788391791.61988,6,0,8,3
1788391791.8007812,1788391791.800615,12,0,8,3
1788391791.984375,1788391791.98058,1,0,8,3
1788391792.1601562,1788391792.159245,11,0,8,3
1788391792.3398438,1788391792.33961,6,0,8,4
1788391792.5234375,1788391792.519756,11,0,8,4
1788391792.703125,1788391792.69958,2,0,8,4
1788391792.8828125,1788391792.879437,8,0,8,4
1788391793.0625,1788391793.05973,4,0,8,4
1788391793.2421875,1788391793.23885,10,1,8,4
1788391793.421875,1788391793.419139,3,1,8,4
1788391793.5976562,1788391793.597053,7,0,8,4
1788391793.7773438,1788391793.776767,9,0,8,4
1788391793.9570312,1788391793.95615,5,0,8,4
1788391794.1367188,1788391794.136451,1,0,8,4
1788391794.3164062,1788391794.316233,12,0,8,4
1788391794.5,1788391794.496903,5,0,8,5
1788391794.6796875,1788391794.677457,2,0,8,5
1788391794.859375,1788391794.857831,1,0,8,5
1788391795.0390625,1788391795.037813,9,0,8,5
1788391795.21875,1788391795.218226,8,0,8,5
1788391795.3984375,1788391795.398024,7,0,8,5
1788391795.578125,1788391795.576639,12,0,8,5
1788391795.7578125,1788391795.756022,4,0,8,5
1788391795.9375,1788391795.936023,10,1,8,5
1788391796.1171875,1788391796.116278,3,1,8,5
1788391796.296875,1788391796.2953,6,0,8,5
1788391796.4765625,1788391796.474512,11,0,8,5
1788391796.65625,1788391796.654184,2,0,8,6
1788391796.8359375,1788391796.834695,7,0,8,6
1788391797.015625,1788391797.014925,5,0,8,6
1788391797.1953125,1788391797.194726,6,0,8,6
1788391797.375,1788391797.374998,3,1,8,6
1788391797.5585938,1788391797.554935,9,0,8,6
1788391797.734375,1788391797.734308,11,0,8,6
1788391797.9179688,1788391797.914585,1,0,8,6
1788391798.09375,1788391798.093739,8,0,8,6
1788391798.2773438,1788391798.273538,12,0,8,6
1788391798.453125,1788391798.453124,4,0,8,6
1788391798.6367188,1788391798.633164,10,1,8,6
1788391798.8164062,1788391798.813085,11,0,8,7
1788391798.9960938,1788391798.992624,6,0,8,7
1788391799.1757812,1788391799.173216,10,1,8,7
1788391799.3554688,1788391799.353401,7,0,8,7
1788391799.5351562,1788391799.5333,5,0,8,7
1788391799.7148438,1788391799.71193,8,0,8,7
1788391799.890625,1788391799.890516,9,0,8,7
1788391800.0742188,1788391800.070843,1,0,8,7
1788391800.2539062,1788391800.250924,12,0,8,7
1788391800.4335938,1788391800.429948,2,0,8,7
1788391800.6132812,1788391800.610244,3,1,8,7
1788391800.7929688,1788391800.790421,4,0,8,7
1788391800.9726562,1788391800.970088,3,1,8,8
1788391801.1523438,1788391801.149463,4,0,8,8
1788391801.3320312,1788391801.328664,7,0,8,8
1788391801.5117188,1788391801.508172,1,0,8,8
1788391801.6914062,1788391801.688342,9,0,8,8
1788391801.8710938,1788391801.868693,2,0,8,8
1788391802.0507812,1788391802.049253,8,0,8,8
1788391802.2304688,1788391802.228625,12,0,8,8
1788391802.4101562,1788391802.407364,6,0,8,8
1788391802.5898438,1788391802.586897,5,0,8,8
1788391802.7695312,1788391802.766175,10,1,8,8
1788391802.9492188,1788391802.946642,11,0,8,8
1788391803.1289062,1788391803.128125,6,0,8,9
1788391803.3125,1788391803.309316,7,0,8,9
1788391803.4921875,1788391803.491232,11,0,8,9
1788391803.6757812,1788391803.673549,4,0,8,9
1788391803.859375,1788391803.855524,12,0,8,9
1788391804.0390625,1788391804.036415,2,0,8,9
1788391804.21875,1788391804.21848,1,0,8,9
1788391804.4023438,1788391804.400005,9,0,8,9
1788391804.5820312,1788391804.579971,3,1,8,9
1788391804.765625,1788391804.761967,5,0,8,9
1788391804.9453125,1788391804.942936,8,0,8,9
1788391805.125,1788391805.121319,10,1,8,9
1788391805.3007812,1788391805.300131,1,0,8,10
1788391805.4804688,1788391805.479993,2,0,8,10
1788391805.6640625,1788391805.660729,6,0,8,10
1788391805.8398438,1788391805.839468,11,0,8,10
1788391806.0234375,1788391806.02168,12,0,8,10
1788391806.2070312,1788391806.203134,4,0,8,10
1788391806.3867188,1788391806.383724,8,0,8,10
1788391806.5664062,1788391806.565684,3,1,8,10
1788391806.7460938,1788391806.746051,9,0,8,10
1788391806.9296875,1788391806.926484,10,1,8,10
1788391807.109375,1788391807.106603,5,0,8,10
1788391807.2890625,1788391807.286934,7,0,8,10
1788391807.46875,1788391807.468065,5,0,8,11
1788391807.6523438,1788391807.649284,9,0,8,11
1788391807.8320312,1788391807.831404,2,0,8,11
1788391808.015625,1788391808.013793,1,0,8,11
1788391808.1953125,1788391808.193951,3,1,8,11
1788391808.375,1788391808.374651,11,0,8,11
1788391808.5585938,1788391808.555958,12,0,8,11
1788391808.7382812,1788391808.73621,8,0,8,11
1788391808.9179688,1788391808.915411,7,0,8,11
1788391809.0976562,1788391809.096563,4,0,8,11
1788391809.28125,1788391809.27761,6,0,8,11
1788391809.4609375,1788391809.45875,10,1,8,11
1788391809.6445312,1788391809.640635,7,0,8,12
1788391809.8242188,1788391809.820494,10,1,8,12
1788391810.0039062,1788391810.002636,2,0,8,12
1788391810.1875,1788391810.185074,11,0,8,12
1788391810.3671875,1788391810.365973,5,0,8,12
1788391810.546875,1788391810.545085,3,1,8,12
1788391810.7304688,1788391810.727287,6,0,8,12
1788391810.9101562,1788391810.909482,4,0,8,12
1788391811.09375,1788391811.090346,1,0,8,12
1788391811.2734375,1788391811.271382,8,0,8,12
1788391811.453125,1788391811.452368,12,0,8,12
1788391811.6367188,1788391811.634556,9,0,8,12
1788391811.8203125,1788391811.816574,3,1,8,13
1788391811.9960938,1788391811.995925,5,0,8,13
1788391812.1796875,1788391812.175904,12,0,8,13
1788391812.3554688,1788391812.355275,10,1,8,13
1788391812.5390625,1788391812.537139,7,0,8,13
1788391812.71875,1788391812.718014,4,0,8,13
1788391812.9023438,1788391812.899591,8,0,8,13
1788391813.0820312,1788391813.081635,11,0,8,13
1788391813.265625,1788391813.262617,2,0,8,13
1788391813.4453125,1788391813.441534,9,0,8,13
1788391813.6210938,1788391813.620643,1,0,8,13
1788391813.8007812,1788391813.799854,6,0,8,13
1788391813.984375,1788391813.981997,7,0,8,14
1788391814.1640625,1788391814.161755,2,0,8,14
1788391814.34375,1788391814.3431,8,0,8,14
1788391814.5273438,1788391814.523811,5,0,8,14
1788391814.7070312,1788391814.704921,1,0,8,14
1788391814.890625,1788391814.886919,3,1,8,14
1788391815.0703125,1788391815.067963,12,0,8,14
1788391815.25,1788391815.247123,10,1,8,14
1788391815.4296875,1788391815.427316,11,0,8,14
1788391815.609375,1788391815.608562,4,0,8,14
1788391815.7929688,1788391815.789707,6,0,8,14
1788391815.9726562,1788391815.971947,9,0,8,14
1788391816.15625,1788391816.154343,10,1,8,15
1788391816.3359375,1788391816.334801,11,0,8,15
1788391816.5195312,1788391816.516192,7,0,8,15
1788391816.6992188,1788391816.698378,9,0,8,15
1788391816.8828125,1788391816.880752,6,0,8,15
1788391817.0625,1788391817.059815,5,0,8,15
1788391817.2421875,1788391817.240576,8,0,8,15
1788391817.421875,1788391817.420348,1,0,8,15
1788391817.6015625,1788391817.600555,4,0,8,15
1788391817.7851562,1788391817.78237,12,0,8,15
1788391817.9648438,1788391817.962973,3,1,8,15
1788391818.1445312,1788391818.144313,2,0,8,15
1788391820.8359375,1788391820.8342,5,0,9,1
1788391821.015625,1788391821.014851,1,1,9,1
1788391821.1992188,1788391821.196537,10,1,9,1
1788391821.3789062,1788391821.376154,7,0,9,1
1788391821.5585938,1788391821.55662,11,0,9,1
1788391821.7382812,1788391821.737095,12,0,9,1
1788391821.921875,1788391821.919088,4,0,9,1
1788391822.1015625,1788391822.100825,2,0,9,1
1788391822.2851562,1788391822.282971,9,0,9,1
1788391822.4648438,1788391822.462661,3,0,9,1
1788391822.6445312,1788391822.641115,6,0,9,1
1788391822.8242188,1788391822.822086,8,0,9,1
1788391823.0039062,1788391823.003318,1,1,9,2
1788391823.1875,1788391823.18417,2,0,9,2
1788391823.3671875,1788391823.366137,3,0,9,2
1788391823.546875,1788391823.546659,11,0,9,2
1788391823.7304688,1788391823.727982,7,0,9,2
1788391823.9101562,1788391823.909589,10,1,9,2
1788391824.09375,1788391824.091859,12,0,9,2
1788391824.2773438,1788391824.274108,8,0,9,2
1788391824.4570312,1788391824.455058,4,0,9,2
1788391824.6367188,1788391824.635842,5,0,9,2
1788391824.8203125,1788391824.817435,9,0,9,2
1788391825.0,1788391824.998765,6,0,9,2
1788391825.1796875,1788391825.179125,3,0,9,3
1788391825.3632812,1788391825.361011,8,0,9,3
1788391825.5429688,1788391825.540304,1,1,9,3
1788391825.7226562,1788391825.72256,10,1,9,3
1788391825.90625,1788391825.904395,2,0,9,3
1788391826.0859375,1788391826.08518,5,0,9,3
1788391826.265625,1788391826.264529,12,0,9,3
1788391826.4492188,1788391826.44687,11,0,9,3
1788391826.6289062,1788391826.628446,4,0,9,3
1788391826.8125,1788391826.81036,9,0,9,3
1788391826.9921875,1788391826.990977,7,0,9,3
1788391827.1757812,1788391827.172834,6,0,9,3
1788391827.3554688,1788391827.353154,9,0,9,4
1788391827.5351562,1788391827.532899,10,1,9,4
1788391827.7148438,1788391827.713557,12,0,9,4
1788391827.8984375,1788391827.895693,1,1,9,4
1788391828.078125,1788391828.077867,5,0,9,4
1788391828.2617188,1788391828.259774,4,0,9,4
1788391828.4414062,1788391828.439334,2,0,9,4
1788391828.625,1788391828.621538,8,0,9,4
1788391828.8046875,1788391828.802658,3,0,9,4
1788391828.984375,1788391828.983955,7,0,9,4
1788391829.1679688,1788391829.165162,11,0,9,4
1788391829.3476562,1788391829.347304,6,0,9,4
1788391829.53125,1788391829.527526,5,0,9,5
1788391829.7109375,1788391829.709234,4,0,9,5
1788391829.890625,1788391829.890605,7,0,9,5
1788391830.0742188,1788391830.072098,2,0,9,5
1788391830.2539062,1788391830.252228,9,0,9,5
1788391830.4335938,1788391830.432697,8,0,9,5
1788391830.6171875,1788391830.614667,11,0,9,5
1788391830.796875,1788391830.793548,6,0,9,5
1788391830.9765625,1788391830.97546,12,0,9,5
1788391831.1601562,1788391831.156319,3,0,9,5
1788391831.3398438,1788391831.337707,10,1,9,5
1788391831.5195312,1788391831.517891,1,1,9,5
1788391831.6992188,1788391831.697852,11,0,9,6
1788391831.8828125,1788391831.879264,6,0,9,6
1788391832.0625,1788391832.05954,1,1,9,6
1788391832.2421875,1788391832.241712,3,0,9,6
1788391832.421875,1788391832.420045,8,0,9,6
1788391832.6015625,1788391832.600987,10,1,9,6
1788391832.7851562,1788391832.782707,4,0,9,6
1788391832.9648438,1788391832.964062,2,0,9,6
1788391833.1445312,1788391833.142864,5,0,9,6
1788391833.328125,1788391833.324766,12,0,9,6
1788391833.5078125,1788391833.50537,7,0,9,6
1788391833.6914062,1788391833.687905,9,0,9,6
1788391833.8710938,1788391833.868167,7,0,9,7
1788391834.0507812,1788391834.049029,12,0,9,7
1788391834.2304688,1788391834.230328,1,1,9,7
1788391834.4140625,1788391834.41115,8,0,9,7
1788391834.59375,1788391834.59243,6,0,9,7
1788391834.7773438,1788391834.773825,4,0,9,7
1788391834.9570312,1788391834.9566,2,0,9,7
1788391835.140625,1788391835.137408,3,0,9,7
1788391835.3203125,1788391835.319767,10,1,9,7
1788391835.5039062,1788391835.502154,9,0,9,7
1788391835.6875,1788391835.684034,5,0,9,7
1788391835.8671875,1788391835.865277,11,0,9,7
1788391836.046875,1788391836.046457,4,0,9,8
1788391836.2304688,1788391836.228896,11,0,9,8
1788391836.4140625,1788391836.411328,5,0,9,8
1788391836.59375,1788391836.593644,2,0,9,8
1788391836.7773438,1788391836.775279,3,0,9,8
1788391836.9609375,1788391836.957198,10,1,9,8
1788391837.140625,1788391837.137573,1,1,9,8
1788391837.3203125,1788391837.318809,12,0,9,8
1788391837.5039062,1788391837.500099,8,0,9,8
1788391837.6835938,1788391837.681556,9,0,9,8
1788391837.8632812,1788391837.861968,7,0,9,8
1788391838.046875,1788391838.04441,6,0,9,8
1788391838.2265625,1788391838.224912,12,0,9,9
1788391838.40625,1788391838.403883,11,0,9,9
1788391838.5859375,1788391838.583363,5,0,9,9
1788391838.7617188,1788391838.760589,9,0,9,9
1788391838.9414062,1788391838.93968,7,0,9,9
1788391839.1210938,1788391839.118741,4,0,9,9
1788391839.3007812,1788391839.299328,10,1,9,9
1788391839.4804688,1788391839.477502,3,0,9,9
1788391839.6601562,1788391839.65757,8,0,9,9
1788391839.8398438,1788391839.838277,6,0,9,9
1788391840.0195312,1788391840.017671,1,1,9,9
1788391840.1992188,1788391840.197444,2,0,9,9
1788391840.3789062,1788391840.37659,7,0,9,10
1788391840.5585938,1788391840.556003,11,0,9,10
1788391840.7382812,1788391840.734456,3,0,9,10
1788391840.9140625,1788391840.913791,10,1,9,10
1788391841.09375,1788391841.092853,12,0,9,10
1788391841.2734375,1788391841.272565,2,0,9,10
1788391841.453125,1788391841.450116,5,0,9,10
1788391841.6328125,1788391841.629003,1,1,9,10
1788391841.8125,1788391841.809363,8,0,9,10
1788391841.9921875,1788391841.989071,4,0,9,10
1788391842.171875,1788391842.168436,9,0,9,10
1788391842.3476562,1788391842.347591,6,0,9,10
1788391842.5273438,1788391842.526729,7,0,9,11
1788391842.7070312,1788391842.706958,9,0,9,11
1788391842.8867188,1788391842.885584,4,0,9,11
1788391843.0664062,1788391843.065318,5,0,9,11
1788391843.2460938,1788391843.243991,8,0,9,11
1788391843.4257812,1788391843.423603,11,0,9,11
1788391843.6054688,1788391843.6043,1,1,9,11
1788391843.7851562,1788391843.78485,10,1,9,11
1788391843.9648438,1788391843.963356,3,0,9,11
1788391844.1445312,1788391844.142682,12,0,9,11
1788391844.3242188,1788391844.321446,2,0,9,11
1788391844.5039062,1788391844.501503,6,0,9,11
1788391844.6835938,1788391844.681762,4,0,9,12
1788391844.8632812,1788391844.860313,6,0,9,12
1788391845.0390625,1788391845.038683,8,0,9,12
1788391845.21875,1788391845.21823,1,1,9,12
1788391845.4023438,1788391845.398751,11,0,9,12
1788391845.5820312,1788391845.579689,9,0,9,12
1788391845.7617188,1788391845.759837,10,1,9,12
1788391845.9414062,1788391845.93988,5,0,9,12
1788391846.1210938,1788391846.118552,3,0,9,12
1788391846.296875,1788391846.296339,7,0,9,12
1788391846.4804688,1788391846.47685,2,0,9,12
1788391846.65625,1788391846.655108,12,0,9,12
1788391846.8359375,1788391846.834503,9,0,9,13
1788391847.015625,1788391847.014796,10,1,9,13
1788391847.1992188,1788391847.195363,7,0,9,13
1788391847.375,1788391847.373099,8,0,9,13
1788391847.5546875,1788391847.553041,3,0,9,13
1788391847.734375,1788391847.733646,5,0,9,13
1788391847.9140625,1788391847.912793,11,0,9,13
1788391848.09375,1788391848.092834,1,1,9,13
1788391848.2734375,1788391848.272145,12,0,9,13
1788391848.453125,1788391848.450885,2,0,9,13
1788391848.6328125,1788391848.631262,6,0,9,13
1788391848.8125,1788391848.810555,4,0,9,13
1788391848.9921875,1788391848.989595,5,0,9,14
1788391849.171875,1788391849.168299,12,0,9,14
1788391849.3515625,1788391849.34788,11,0,9,14
1788391849.53125,1788391849.528824,2,0,9,14
1788391849.7109375,1788391849.709163,7,0,9,14
1788391849.890625,1788391849.889468,9,0,9,14
1788391850.0703125,1788391850.066584,4,0,9,14
1788391850.2460938,1788391850.245739,10,1,9,14
1788391850.4296875,1788391850.425854,6,0,9,14
1788391850.609375,1788391850.605989,8,0,9,14
1788391850.7890625,1788391850.786518,1,1,9,14
1788391850.96875,1788391850.967357,3,0,9,14
1788391851.1484375,1788391851.146175,11,0,9,15
1788391851.328125,1788391851.324329,4,0,9,15
1788391851.5078125,1788391851.504116,3,0,9,15
1788391851.6875,1788391851.683976,9,0,9,15
1788391851.8671875,1788391851.864247,7,0,9,15
1788391852.0429688,1788391852.041183,5,0,9,15
1788391852.2226562,1788391852.220503,6,0,9,15
1788391852.4023438,1788391852.398769,2,0,9,15
1788391852.5820312,1788391852.578948,12,0,9,15
1788391852.7617188,1788391852.75792,8,0,9,15
1788391852.9375,1788391852.937233,1,1,9,15
1788391853.1171875,1788391853.115754,10,1,9,15
